I1RAE5	FG00472.1	FGSG_00472	
P74849	sipA	sspA	STY3005	t2784	
G4MXJ4	MGG_01230	
Q4ZM64	Psyr_4731	
G4XVB6	CHS1	
Q9HEP9	g1	
Q9C1C2	PKAR	RPK1	Cob_09468	
O42830	cbel1	
A7EKS0	SS1G_05917	
Q9P872	pmr1	
Q9HWS1	PA4107	
G4NIU3	MGG_04116	
P63786	clpP	MW0730	
P43094	SAP5	CaO19.13032	CaO19.5585	
G0X877	um05294	
G4MRA3	MGG_13778	
Q59ZX1	SET3	CaO19.7221	
Q7Z9J6	TSA1	
C9Z5Q3	SCAB_58651	
Q9C1U1	Hik1	
I1RGD6	FG02795.1	FGSG_02795	
D2E9W8	DEP3	
Q9RQU7	fliC	BG47_10860	
C6ZRH8	OPT1	
Q6FPV9	CAGL0J00539g	
J9MBA2	FOXG_00147	
Q59PF9	HWP2	PGA8	CaO19.10888	CaO19.3380	
G4MTF9	MGG_01543	
P00445	SOD1	YJR104C	J1968	
J9VQA5	CNAG_03438	
Q4ZX85	Psyr_1183	
Q4P8W4	UM03449.1	
Q8J1X6	clnr1	
Q5G7K8	Atr13	
P0CS63	RIM101	CNBL0920	
I1RH87	FG03132.1	FGSG_03132	
D7HUI6	PSA3335_0496	
J7H6V8	NoxR	
W7LWT0	FVEG_00807	
G4MRB0	MGG_04685	
Q0E7H7	nep2	
C1KJI7	AVR-Pita1	
Q0GBR6	ROP18	
C4Y985	CLUG_04763	
G4N8A1	MGG_03459	
Q4ZXG1	Psyr_1107	
Q96X31	ptk1	
O13359	KEX2	CAWG_00530	
G4N4P0	MGG_05133	
G4N6V5	MGG_12814	
V9GNU9	arcA	YP1_031_00200	
Q888Y7	hopQ1-1	PSPTO_0877	
I1RQ89	FG06228.1	FGSG_06228	
Q8XFU4	ssrB	t1259	
P11437	avrA	
Q59WG7	BIG1	CaO19.2334	CaO19.9870	
P0CM54	CNB1	CND00260	
P40086	COX15	YER141W	
P78608	pg2	
G4NCR0	MGG_00345	
Q0U6E8	mpd1	SNOG_12666	
Q79LY0	hopD2	hopA01	hopPtoD2	PSPTO_4722	
I1RWM5	FGSG_08701	
Q8X1D4	mig2-5	
Q8Z4A2	prgK	t2773	
Q59X38	NOP7	CaO19.11574	CaO19.4093	
Q5AP90	MNN23	MNN3	CaO19.12338	CaO19.4874	
I1RU59	FG07742.1	FGSG_07742	
Q8J0E3	PLS1	
C1KJG7	AVR-Pita1	avr-Pita1	
Q4ZMD6	hopAB1	Psyr_4659	
Q56134	sipB	STY3008	t2787	
Q5AK12	CNB1	CaO19.11492	CaO19.4009	
I1RSK0	FG07121.1	FGSG_07121	
D7I6Y8	atpH	PSA3335_5006	
Q59TT3	PLD1	SPO14	CaO19.1161	
Q9L8G8	smcR	vvpR	JS83_03065	JS84_13575	JS85_08115	JS86_16400	JS87_00250	KY51_12950	VV93_v1c24820	
Q59UR3	SWI1	CaO19.13102	CaO19.5657	
Q5ABD7	CMP1	CNA1	CaO19.13454	
B6VCT7	ATG8	
G0X7M7	um10555	
Q4G495	pg2	PG2	
Q2TJF8	FSR1	
Q5A2T6	SIT1	ARN1	CaO19.2179	CaO19.9725	
Q2V9X3	tf1	
D7I2L9	PSA3335_3433	
Q96VL3	pt1	
I1RE92	FG01974.1	FGSG_01974	
Q0PND3	TGL3-2	
Q5ACU3	PMT5	CaO19.7549	
Q888W3	hopAG1	PSPTO_0901	
Q8Z6N6	ssaU	t1290	
I1RS33	FG06940.1	FGSG_06940	
X5IFG8	RnPKS1	
G4NHF4	MGG_03860	
Q9P880	bac	
P0CL09	sirC	hilC	sprA	STM2867	
B6VCT9	ste11	
Q5ABP4	CMP1	CNA1	CaO19.6033	
E3QRA4	GLRG_08671	
G4MWS3	XYL3	MGG_08331	
D7I202	PSA3335_3214	
D0ZWR8	spiC	ssaB	STM14_1688	
Q4VSJ8	tofI	
G4MKW8	MGG_13024	
A4QYF9	CHZ1	MGG_08560	
Q99324	B2Tom	
G4NDX0	MGG_00184	
I0ISN4	vfr	
J5JDI1	BBA_07003	
P67267	spr1010	
O93920	MPLC1	
G4MZY1	MGG_06148	
J9NE50	FOXG_13474	
P0CY28	SAP3	
Q12634	MGG_02252	
I1S0G8	FG10196.1	FGSG_10196	
Q94795	opb	
G4MLE6	MGG_05428	
P87199	kin2	
G0X7L8	um10556	
D7I145	PSA3335_2900	
Q6RKH8	PKS2	
I6Y8D3	Rv0650	RVBD_0650	LH57_03520	P425_00679	
Q5AL36	TYE7	CaO19.12407	CaO19.4941	
Q96VL1	mk1	
Q97PH9	SP_1638	
G4N8B1	MGG_03451	
Q5D6D3	NPS6	
O93800	AKT1	
I1RSW5	FG07251.1	FGSG_07251	
Q5AG40	VPS4	CaO19.4339	
J9N2Z8	FOXG_09554	
Q9Y8A2	FUM1	
P30573	CHS3	
G1UAJ9	ASH1	
I1S3N8	FG11428.1	FGSG_11428	
Q87UQ6	PSPTO_5240	
Q8NKE2	AOX1	CNAG_00162	
Q4PCH2	yap1	UM02191.1	
Q52394	avrPphE	
P43093	SAP4	CAWG_05020	
A3M771	A1S_2343	
P78737	toxA	ToxA	
G2WWK9	VDAG_01995	
Q1L2E2	Als1	
Q4PBN8	UM02475.1	
W7M5P0	FVEG_04543	
A0SXQ6	Rho3	
Q01168	NUT1	MGCH7_ch7g504	MGG_02755	
I1RIV2	FG03747.1	FGSG_03747	
G4N168	MGG_07456	
Q59ZY7	YVH1	CaO19.11879	CaO19.4401	
I1RP15	FG05764.1	FGSG_05764	
Q523C3	ATG4	MGG_03580	
C5IAW5	Tox3	
D4I7B7	rcsC	EAM_2263	
Q8TGB2	LAS21	GPI7	CaO19.11547	CaO19.4064	
L8AYM6	cyaA	
B6E222	CYP51	
D7HVA7	PSA3335_0777	
I1RLH1	FGSG_04770	
Q59KJ7	MNN21	CaO19.1011	CaO19.8625	
Q00663	SAPT1	
H9L495	ssaC	STM1394	
Q4PBH8	UM02535.1	
C5BEV2	glyA	NT01EI_3190	
P53707	CSP37	CSP30	
P0C6Q6	ompU	VC_0633	
Q5H2X8	ssb	XOO1439	
Q4WUL6	lys4	lysF	AFUA_5G08890	
G4NGZ9	MGG_03977	
P87033	GPA2	UM02517	
Q0P928	htrA	Cj1228c	
I1RUC7	FG07816.1	FGSG_07816	
I1S0C0	FG10142.1	FGSG_10142	
Q8TFN5	CHSIII	
L7JE74	OOW_P131scaffold00420g8	
D2E9W9	DEP4	
G0X7P5	um10553	
G4N2V0	MGG_13926	
Q5K8C9	CNL06140	
Q9Y7E5	SPT3	
I1REF2	FG02040.1	FGSG_02040	
Q99078	FUZ7	UM01514	
F8R4Y0	PKS	
Q06562	XYL1	
P40612	spaM	invI	STM2893	
G0X7W8	um05313	
G4N2B2	MGG_04853	
Q2VLJ1	ZEB1	
Q8DMX7	spr2028	
G4NIP8	MGG_04159	
B2SME5	PXO_01018	PXO_06148	
Q2VF46	cut1	
C4YDI6	CDC42	CAWG_00581	
I1RT06	FG07295.1	FGSG_07295	
I1RCM6	FG01347.1	FGSG_01347	
Q870A3	pacC	FOXG_02222	
Q4P9L1	UM03202.1	
G4MV04	MGG_07312	
Q4ZY22	Psyr_0892	
D7HWR0	PSA3335_1304	
I8LT72	yopK	YPPY66_0046	
P87025	THR1	Cob_04570	
I1RKR8	FG04484.1	FGSG_04484	
B2SRG8	raxH	PXO_04467	
I1RWL9	FG08695.1	FGSG_08695	
I1RHA1	FG03146.1	FGSG_03146	
I1RBR4	FG01000.1	FGSG_01000	
I1RKS2	FG04488.1	FGSG_04488	
I1RGH4	FG02838.1	FGSG_02838	
Q66EI1	pdhR	YPTB0712	
Q51MW4	ATG8	MGG_01062	
Q0UF61	SNOG_09603	
Q5AAL9	IFF4	CaO19.7472	
Q8Z4A1	prgJ	t2774	
I1REI8	FG02077.1	FGSG_02077	
Q01905	INF1	inf1	
O13352	MPS1	
E2MMQ4	PSPTOT1_2469	
Q8Z6N0	ssaN	t1283	
I1RJS2	FGSG_04104	
A4ULI8	CYP51	
Q3BQL2	XCV3220	
Q9SZA7	At4g33300	F17M5.60	
G4MRV1	MGG_02443	
I1RQN9	FG06385.1	FGSG_06385	
Q3I4V7	CAN2	
Q4PET8	UM01375.1	
C5BG70	NT01EI_2872	
Q8MYK0	cdpk3	
D7HVF9	PSA3335_0830	
I1RWG2	FG08631.1	FGSG_08631	
P0A2T6	crp	cap	STM3466	
P43064	EFG1	EFG	
G4NCK1	MGG_01057	
I1RME6	FG05135.1	FGSG_05135	
Q8J230	kpp4	
Q92215	TOXC	
G4ND33	MGG_00990	
D7I6Y3	glmU	PSA3335_5001	
Q258K5	avrLm1	
O93801	AKT2	AKT2-1	
B2HLZ8	ppgK	MMAR_2012	
Q87BQ4	gumD	PD_1394	
I1S2M5	FG11024.1	FGSG_11024	
Q9Y880	SNF1	
P02829	HSP82	HSP90	YPL240C	
I1RMV6	FG05306.1	FGSG_05306	
G4NEK6	MGG_00773	
Q4WIH1	AFUA_2G01870	
Q8J0E2	PLS1	
I1RXS5	FG09150.1	FGSG_09150	
Q8Z6L8	sseE	t1270	
Q8PI08	XAC3090	
A7E5X4	SS1G_00699	
I1RKC4	FG04324.1	FGSG_04324	
Q46631	amsA	
D3JLB9	Tc52	
G4MPP9	MGG_02240	
Q4PBN9	UM02474.1	
Q6R3Q3	Amk1	
Q8TGW9	SSN6	
B5TM01	CMK1	
G4XVC0	CHS5	
O42621	PTH3	MGG_07528	
I1RM19	FG04994.1	FGSG_04994	
G0X863	um05295	
I1RCP1	FG01364.1	FGSG_01364	
P21264	ADE2	YOR128C	O3293	YOR3293C	
Q8Z4N6	sseA	STY2779	t0323	
I1RW16	FG08468.1	FGSG_08468	
Q52432	avrRps4	
G4NCA2	MGG_01099	
Q595M4	gapA	
Q9UVG2	odc1	
B6E221	CYP51	
G4MS03	MGG_02488	
G4NBI7	MGG_00528	
A4VZ16	SSU98_0197	
D7HZ46	PSA3335_2177	
P96058	sirA	t0929	
Q00357	TOXA	
I1RWQ0	FG08729.1	FGSG_08729	
P74855	ssaM	STM1413	
Q8TGV2	CHS5	
I1RNL0	FG05593.1	FGSG_05593	
B5M4A8	CHS7	
P0A1T4	ydhZ	STM1388	
I1RS32	FG06939.1	FGSG_06939	
E0W547	Avh	
P08191	fimH	b4320	JW4283	
P0C954	gel2	AFUA_6G11390	
C6KEF5	STE20	
P0CS95	URA5	CNG03730	
Q5ABG1	SET1	CaO19.13430	CaO19.6009	
Q01143	cpkA	
Q9UWE7	Tri6	
Q01886	HTS1	
Q00819	CAP64	
V9W6M6	ERIC2_c18040	
Q8J0D1	ACR1	
D7HZ26	PSA3335_2156	
Q9C478	AVR-Pita	
F8R4X8	SCD	
J7I5J0	CBP49	
Q696X2	Glo1	
P0CY23	CST20	HST20	STE20	
I1RT36	FG07329.1	FGSG_07329	
Q0ZJ79	pcpg2	
Q2FIB5	argH	SAUSA300_0863	
G4MUF4	MGG_01662	
Q60153	tcpA	VC_0828	
G4MX10	MGG_01215	
G4N881	MGG_06285	
Q7CQF1	hnr	rssB	STM1753	
G4ML19	MGG_08628	
Q7Z7W8	lopB	
P27243	rfaL	waaL	b3622	JW3597	
Q4P9K9	CHS8	MCS1	UM03204	
B9VSG8	lipA	
Q59Y24	YNG1	CaO19.11108	CaO19.3625	orf19.3625	
Q9UW13	RIM8	PRR1	CaO19.13510	CaO19.6091	
Q4P2D2	UM05731.1	
Q8NJQ3	DEC1	COCC4DRAFT_155400	
I1RNY7	FG05734.1	FGSG_05734	
G4NF05	MGG_00692	
P0A2F0	rpoE	sigE	STM2640	
Q48473	ompC	ompK36	
Q5A1D3	CEK1	ERK1	CaO19.10404	CaO19.2886	
Q9C402	SOD1	
I1RFM2	FG02502.1	FGSG_02502	
Q96WW9	abc1	
G4N6D4	MGG_06564	
Q4PFH2	UM01141.1	
E9F082	MAA_05681	
A7F946	SS1G_14127	
I1RRU2	FG06832.1	FGSG_06832	
Q5H4Y2	pheA	XOO0734	
G4N5E4	MGG_12899	
G4MLU0	XYL5	MGG_05464	
Q87BQ7	gumH	PD_1391	
Q00845	pelD	
Q2VLJ0	ZEB2	FG05_02398	
Q96VB3	AFT3-1	AFT3-2	AFT3-3	
Q4UUG9	XC_2249	
Q4PHG8	UM00445.1	
G2Y3E7	BofuT4_P003460.1	
P01556	ctxB	toxB	VC_1456	
Q0E7H5	nep1	
G1UAU2	FLO8	
P38442	zot	VC_1458	
Q4P0Z2	UM06221.1	
I1RTC2	FG07423.1	FGSG_07423	
C5BAT0	gcvP	NT01EI_3351	
Q9UW03	atrB	
F0UYY1	acpA	
G4ZRQ8	Avr1b-1	PHYSODRAFT_286704	
Q6VBJ0	EPA1	
Q5AEW4	KRE5	GPT1	CaO19.7922	
I1RZC6	FG09759.1	FGSG_09759	
C4PCU2	rcsB	CY43_12175	DC51_2347	IZ85_11430	
G4N7K5	MGG_06390	
Q2LMP0	xyn11A	
F7IY49	pilA	
O59939	PLB	
Q8J286	CLAP1	
G4N471	MGG_05078	
D7HVL9	PSA3335_0894	
G4N7V2	MGG_06355	
Q525E4	ATG5	MGG_09262	
Q9Y7W4	CRK1	BUR1	CaO19.11006	CaO19.3523/3524	
R4I3H8	ChsVII	
Q4PAM3	UM02840.1	
Q48B66	avrB2	PSPPH_A0120	
Q48BC6	hopAU1	PSPPH_A0031	
I1RNG8	FG05547.1	FGSG_05547	
Q7WP75	BB0810	
I1RF58	FGSG_02324	
Q6LAD6	avrRpt2	
Q04701	pelA	
Q8X1D6	mig2-2	
P74865	spiB	
Q4PCH1	UM02192.1	
Q8TFN6	CHSI	
G4NC26	MGG_00454	
Q48B68	avrD1	PSPPH_A0113	
Q9P4A1	CBP1	
D2SZX7	OXI1	
O42722	STE12alpha	
Q2KN79	gas1	
Q5UIP5	AurR1	
Q8TG10	hda1	
P0C431	HOG1	FGSG_09612	
Q6WER3	FGL1	
G4MVB6	MGG_01748	
B2SSA4	raxH2	PXO_02837	
Q4UY34	XC_0965	
Q6RKD2	pthXo1	tal2b	PXO_00227	
Q4ZXM6	Psyr_1040	
Q59WL2	MNN2	MNN25	MNN5	CaO19.2347	CaO19.9883	
B6E227	CYP51	
Q5XTQ5	frt1	
Q8Z6L2	ssaD	t1263	
G4ND25	MGG_00994	
G4MZM4	MGG_08212	
G4NL37	MGG_02986	
Q9JP55	cagA	
Q6RKG2	PKS2	
V6R9T0	FG05109.1	FGSG_05109	
Q9C4A0	aapg-1	
A7U5U4	LHS1	
G4NA99	MGG_08463	
A9JX75	SNOG_20078	
D4ICB6	nlpI	EAM_3066	
D7I1I0	PSA3335_3040	
O42772	SDH2	
Q75WC4	gyrA	
P0CT06	ICL1	MGG_04895	
P0A240	ssaP	STY1703	t1285	
G4MUW5	MGG_01707	
I1REQ8	FG02153.1	FGSG_02153	
B9K1X3	Avi_5813	
A0JC82	noxR	
F6K8L5	SEC14-1	
P07637	aroA	STM0978	
Q8TFX6	ganB	AfA5C11.9c	gpaB	AfA5c11.10c	
P43068	MKC1	
I1RNH0	FG05549.1	FGSG_05549	
Q9HUF2	PA5017	
Q56R42	HOG1	CNAG_01523	
D0ZWU0	ssaV	STM14_1710	
Q6Q487	AFUA_4G12850	
O60026	pksP	
G4MSX7	MGG_01481	
P06653	lytA	SP_1937	
Q1L5B8	PPT1	
Q8Z6M9	ssaV	t1282	
P69917	csrA	zfiA	STM2826	
E4ZT84	LEMA_P119130.1	
Q4PD26	UM01987.1	
Q0WXM3	FOW2	
G4MSV0	MGG_04587	
Q59J76	CNLAC1	
G7TJZ8	tal2g	XOC_1565	
G3CK22	um01237	
Q5AD07	SOD5	PGA3	SOD31	CaO19.2060	CaO19.9607	
B0XVF7	AFUB_022090	
Q5ALT5	MSB2	CaO19.1490	CaO19.9067	
C5MK57	Ste7	
B0RPP4	colR	xcc-b100_1081	
I1RCN9	FG01362.1	FGSG_01362	
A4ULJ0	CYP51	
Q96VL9	BcatrD	
Q4WPQ8	prtT	AFUA_4G10120	
I1RQS1	FG06420.1	FGSG_06420	
P30599	CHS2	UM04290	
P43076	PHR1	CaO19.11310	CaO19.3829	
G4N9C8	MGG_10017	
Q8Z6M7	ssaL	t1280	
C1KJH7	AVR-Pita1	
I1RFC7	FG02399.1	FGSG_02399	
I1RA20	FG00337.1	FGSG_00337	
Q9KTE2	ybeY	VC_0960	
J7H173	NoxB	
Q9Z4T0	ttrR	t1255	
G4N4Y2	MGG_06050	
Q59SR6	IRS4	CaO19.14215	CaO19.6953	
Q4PBY9	UM02374.1	
Q59RR0	ACE2	CaO19.13543	CaO19.6124	
A8YPP2	pehA	
D7HTI1	PSA3335_0128	
N0A4X7	frxA	
I1S095	FG10114.1	FGSG_10114	
I1RLX6	FGSG_04947	
B6E223	CYP51	
Q8Z6M4	ssaJ	t1277	
I1S0Y9	FG10381.1	FGSG_10381	
Q5NIC0	FTT_0156	
P54698	rcsA	STM1982	
G4MS40	MGG_10510	
Q9UWF6	PLB1	PLB	CaO19.689	
P12383	PDR1	AMY1	ANT1	BOR2	CYH3	NRA2	SMR2	TIL1	TPE1	TPE3	YGL013C	
I1RPR1	FG06039.1	FGSG_06039	
Q8DPV2	spr0991	
Q6FLU4	CNB1	CAGL0L00605g	
G5EI17	MGCH7_ch7g606	MGG_02848	
Q9HFT9	STE11alpha	
D7HUA3	PSA3335_0413	
Q5SE95	sidA	Afu2g07680	
B5G4W2	Mrg1	
Q9P8P2	PLB1	CNAG_06085	
G4NEF1	MGG_00124	
G1UB67	DEF1	EDT1	EED1	CaO19.7561	
I1RKH9	FG04382.1	FGSG_04382	
Q4X0M4	sec31	AFUA_2G12980	
Q97T11	SP_0149	
O14439	ODC	
I1RAE2	FG00469.1	FGSG_00469	
O14448	SUM1	RPKA	MGG_07335	
A4ULI5	CYP51	
P49606	UAC1	REM1	UM05232	
Q9HG20	IP1	
Q6R659	AvrL567-B	
Q52378	avrPphC	
G4MRS8	MGG_04582	
Q2FYP3	cvfB	SAOUHSC_01391	
G4MZD0	MGG_04377	
I1RC85	FGSG_01188	
G4NF12	MGG_11693	
I1RUG2	FG07855.1	FGSG_07855	
Q5H3L0	colS	XOO1207	
D7I066	PSA3335_2563	
G0X847	um05300	
K4NK05	A20_1756c	
Q48245	vacA	
Q0UA24	SNOG_11390	
E1WEX6	lpxO	SL1344_4223	
Q4P812	UM03751.1	
Q5BUB4	BZP1	
Q4WCZ1	AFUA_6G02910	
Q92410	TPS1	CaO19.13961	CaO19.6640	
G4MS58	MGG_04556	
D2EAX7	rim20	
B2SNI2	raxC	PXO_02621	
Q5A5U4	RHD3	LDG7	PGA29	CaO19.12765	CaO19.5305	
Q8NK75	CST1	
G4NI28	MGG_12005	
G4N1Y8	MGG_07868	
Q5AP95	SFU1	CaO19.12333	CaO19.4869	
Q5NFZ7	FTT_1064	
Q59PJ5	CSH3	SHR3	CaO19.10874	
G4MQ72	MGG_09250	
I1RQI2	FG06326.1	FGSG_06326	
Q889C0	PSPTO_0834	
P59206	lytB	spr0867	
Q4PHG7	UM00446.1	
Q5A4N7	ZCF18	ZFU1	CaO19.10908	CaO19.3405	
G2XD29	VDAG_08061	
Q8NID8	avr2	
G8DNT1	AAR	
Q9HFU3	CYP1	
Q520U5	ATG16	MGG_05255	
Q59UY7	SEF1	CaO19.11237	CaO19.3753	
Q7Z8E9	MST20	STE20	MGG_12821	
Q9NG46	LYT1	
Q5APP3	RTG1	CaO19.12185	CaO19.4722	orf19.4722	
Q4PBH3	UM02540.1	
G3C9Q9	RxL75	
G4N4W3	MGG_06033	
Q30E79	CAN1	
A3QX02	zafA	
C0H5W5	pkaR	
Q4WY82	ppoC	AFUA_3G12120	
B9WZW9	AVR-Pia	
Q59WI6	RTG3	CaO19.2315	CaO19.9851	orf19.2315	
G4MWU9	MGG_08315	
G4MZ47	MGG_01381	
P83774	ASC1	CaJ7.0140	CaO19.6906	
Q4IB89	TEL1	FGSG_05519	
Q96WM3	VPH1	
I1RWG6	FG08635.1	FGSG_08635	
G4MQB0	MGG_09275	
O74686	URA5	
G4NGX3	MGG_12128	
L7WWG5	Avr1d	
Q5EGQ1	BWC2	
A4ZGP3	Mfs1	
G8DNT2	PPT1	
Q9I690	PA0423	
D2EAX9	rim23	
Q4PF11	UM01302.1	
Q01145	Pwl1	
G4MPQ7	XYL6	MGG_02245	
C3VHN8	vvpE	
P52751	MPG1	MGCH7_ch7g1089	MGG_10315	
O59924	SOD1	
G0X7V8	um05314	
I1RTN5	FG07546.1	FGSG_07546	
Q59Z29	AFT2	CaO19.2272	CaO19.9812	
P50601	tolB	PA0972	
W0H866	PCH70_07430	PCH70_11630	PCH70_13900	PCH70_18570	PCH70_25510	PCH70_27280	PCH70_29020	
P0CL08	hilD	STM2875	
C4B8B7	AVR-Pii	
Q8PGL8	rfbC	XAC3598	
I1RC35	FG01137.1	FGSG_01137	
I1RNF9	FG05535.1	FGSG_05535	
I1RAA6	FG00433.1	FGSG_00433	
D7HZT3	PSA3335_2425	
Q4P818	UM03745.1	
Q5A753	CaO19.12576	CaO19.5110	orf19.5110	
Q4PF14	UM01299.1	
G4N7H1	MGG_06421	
C6L683	ChSte11	
Q75WC5	gyrA	
Q4WF54	AFUA_3G03410	
Q00351	XYL3	
Q4PF16	UM01297.1	
B0XTA5	AFUB_028740	
G4N6G5	MGG_03726	
D7I656	PSA3335_4717	
Q96X32	ubc2	
Q9C2Y4	PDE1	
Q4P813	UM03750.1	
P57051	tatA	VC_0086	
Q4PCT8	UM02075.1	
Q6RKH5	PKS5	
Q2PEP0	noxA	
Q3Y5V5	ABC3	
G1UBC2	EAP1	PGA47	CaO19.1401	CaO19.8979	
I1RS57	FG06970.1	FGSG_06970	
Q4P2X0	UM05543.1	
P49605	PKAR	UAC1	UBC1	UM06450	
Q4WPX2	ppoA	AFUA_4G10770	
Q4P8E8	UM03615.1	
I1RXX1	FGSG_09197	
Q9LVT1	At5g47280	MQL5.14	
G0X7F0	um12302	
I1RDX3	FG01842.1	FGSG_01842	
Q5A7S7	FKH2	FKH1	CaO19.12844	CaO19.5389	
I1RU62	FGSG_07745	
Q8PHM7	avrXacE2	XAC3224	
G4NFS7	MGG_08735	
G4N9G6	MGG_03284	
G4N2W2	MGG_07971	
Q59RG0	NAG4	CaO19.2160	CaO19.9706	
I1S5A1	FGSG_12019	
Q4ZZI8	Psyr_0362	
G4N4U0	MGG_05174	
E9B636	LMXM_34_1580	
Q197G0	NRG1	
Q82ZX2	EF_2925	I574_00030	OO5_00638	
Q4PF15	UM01298.1	
G4N1A3	MGG_09560	
O13316	magC	
Q5AA40	CHS7	CaO19.2444	CaO19.9980	
I1S9H8	FGSG_13509	
Q87BR6	hpt	PD_1382	
B2Z3E2	CGG	
B0JFC8	fhg1	
Q5H3K9	colR	XOO1208	
P43098	FAS2	
Q9UVB5	PMT6	
I1S8Y9	FGSG_13318	
B6E218	CYP51	
Q96V71	SOWgp82	
Q59X54	MIT1	SUR1	CaO19.11558	CaO19.4077	
P13041	mkaC	mkfC	spvR	vagA	PSLT041	
G4MNL6	MGG_05643	
Q9UUS7	chip2	
G4N402	MGG_05905	
K8ZK72	hrpG	XTG29_00873	
G4MXJ1	MGG_01227	
Q8DRE1	spr0177	
Q9AT28	NPP1	
G0X7K9	um10557	
C5P3X6	MEP1	CPC735_062670	
V6RFV4	FG06959.1	FGSG_06959	
B2ZRQ4	3HNR	
Q58PW9	hsvB	
Q52CS0	ATG7	MGG_07297	
Q58FH5	GCS1	
Q5ACU9	NDT80	NDT801	CaO19.2119	CaO19.9667	
Q4PDC7	UM01886.1	
Q2LD94	RGS1	
Q5ANJ4	TEC1	CaO19.13329	CaO19.5908	
B8F4X8	rfaE	hldE	HAPS_0735	
B9A9V1	Pwl1	
Q9C0L9	SEY1	NAG6	CaO19.2151	CaO19.9698	
Q9UVN7	CHK1	
P40676	slyA	STM1444	
C0H5W3	pka1	
I1RD70	FG01559.1	FGSG_01559	
D7I5K1	PSA3335_4505	
Q97NM0	SP_2002	
B2C3H8	Cp1	
Q9UV51	HOG1	OSM1	MGG_01822	
G4MQQ3	MGG_09303	
G4MPI2	MGG_05727	
A9Z1V6	CpkB	
Q4P9Q7	SHO1	UM03156	
Q9C1R1	xyl4	
G4YTW4	PHYSODRAFT_555263	
Q8DQV4	spr0479	
O13395	CHS6	UM03052	UM10367	
Q4PHD3	UM00480.1	
I1RWQ7	FGSG_08737	
I1RBM2	FG00950.1	FGSG_00950	
D7HZ13	thrS	PSA3335_2142	
F5HEZ0	CNBL2400	
O13314	magA	
D7I477	PSA3335_4017	
P67331	spr0084	
F5HEA9	SNOG_03299	
Q0VHC3	hrpE3	
Q834U9	EF_1533	
Q8X1S9	hgl1	
Q4VKJ6	ATR1NdWsB	
D7HUI8	PSA3335_0498	
Q9UW09	CMK1	
Q5AKA8	GLN3	CaO19.11393	CaO19.3912	
C6K2F1	STE50	
G4N3K2	MGG_04985	
I1RY42	FG09274.1	FGSG_09274	
Q5A687	MNN22	MNN24	CaO19.11284	CaO19.3803	
I1RAY2	FG00677.1	FGSG_00677	
P0CM56	CAS1	CNN01530	
G4MXG4	MGG_10730	
D0ERY7	PdeH	
Q8NJV0	Tri5	
G4NHW9	MGG_12026	
Q6PWQ1	man70	
C9Z5Q6	SCAB_58681	
Q4DDC5	Tc00.1047053507485.130	Tc00.1047053507485.150	
G4N906	MGG_10097	
P0A1B9	spaL	invC	spaI	STM2894	
Q4PGI9	UM00774.1	
Q88BW6	PSPTO_5633	PSPTO_B0003	
G4MUT8	MGG_11168	
Q4VKJ1	ATR1NdWsB	
Q5AH74	DPP3	CaO19.13817	CaO19.6459	
D2E9X1	DEP6	
P0C017	ADE2	CNAG_02294	
Q71S08	cpcA	
Q9UVQ4	RAS1	
Q9C1S8	CaNAG1	
Q7Z8N5	CPS1	
Q4PBU5	UM02418.1	
Q99127	CHS4	CHS2	UM00462	UM10117	
P28873	MDR1	BMR	
G4NJ14	MGG_02773	
D9J222	snt2	
Q4P0K0	ATG1	UM06363	
C6KEF4	STE11	
Q59VH7	SAP7	CaO19.756	CaO19.8376	
Q5AMP9	CAP2	CaO19.12066	CaO19.4597	orf19.4597	
P04173	LEU2	YCL018W	YCL18W	
Q882D7	PSPTO_2691	
Q00365	ecp2	
Q9UW14	RIM101	HRM101	PRR2	CaO19.7247	
D4IBH1	EAM_2938	
Q876Z6	RENSA	
Q59Z32	RCK2	CaO19.9808	
A4VB48	pg2	PG2	
Q5A755	NOT5	CaO19.12573	CaO19.5107	
G4MV67	MGG_11326	
Q54151	pic	she	sigA	SF2973	S3178	
Q86ZF1	ICL1	
Q87WF4	hopS1	PSPTO_4597	
Q07080	MFalpha1D	
O42720	CBP1	HCBG_05800	
I1S453	FGSG_11614	
Q0U086	SNOG_14941	
N1JK93	BGHDH14_bgh04324	
P79068	PKS1	
Q8Z6L6	sseC	t1268	
G3CK14	um01239	
Q4P380	UM05433.1	
A4ULI7	CYP51	
Q00359	PGX1	
B2SI02	raxQ	PXO_02135	
G4N054	MGG_05332	
Q4W6D3	HOG1	
Q2TLM7	Mak2	
Q87Y16	avrPto1	PSPTO_4001	
Q96VB5	AFT1-1	
Q5APJ0	CTA8	HSF1	CaO19.12238	CaO19.4775	
I1RT82	FG07381.1	FGSG_07381	
Q9S1K2	rr01	
Q9I1R1	PA2206	
P78585	BCPLC1	
Q4P4C1	IPK1	UM05042	
I1RWG5	FG08634.1	FGSG_08634	
I1RYF8	FG09408.1	FGSG_09408	
Q8Z445	barA	STY3096	t2867	
G3CK64	um05301	
G4NAC3	MGG_03198	
Q8PGM0	XAC3596	
Q48S75	M28_Spy1325	
Q8NIK9	Pka2	
Q83T39	ttrS	t1254	
D2E9X0	DEP5	
Q5ABE2	HGC1	CLN21	CLN3	CaO19.13449	CaO19.6028	
Q9HFZ2	RBT4	
G4N8D9	MGG_12865	
Q00202	pacC	AN2855	
G4MRP8	MGG_04628	
G4MKP6	MGG_11882	
G8BCQ2	CPAR2_206900	
G4N6W9	MGG_06507	
R9UM22	Sm1	
Q6D000	rsmB	sun	ECA4001	
G4MRI4	MGG_02436	
Q7CQM5	ssrB	STM1391	
D7HVL5	PSA3335_0890	
P43070	BGL2	
Q00363	AVR4	
G0X854	um05299	
A8YPP3	pehB	
Q09MP4	NPS6	
G8BDA6	CPAR2_208980	
B6VCT8	ste12	
Q8Z6L7	sseD	t1269	
Q5AGE4	PDE1	CaO19.11710	CaO19.4235	
Q8Z7H8	sifA	t1696	
Q4PBI0	UM02533.1	
Q697D5	mrb1	
I1RT48	FG07344.1	FGSG_07344	
O59897	alb1	
Q875L0	HOG1	
Q01144	PWL2	
O13394	CHS5	UM02569	UM10277	
I1SAR3	FGSG_13944	
G4N027	MGG_06188	
O13328	mac1	
P54267	chsG	AFUA_3G14420	
Q6EES5	hopL	
P24813	CAD1	YAP2	YDR423C	D9461.12	
Q4PCG9	UM02194.1	
I1RI73	FG03499.1	FGSG_03499	
Q4P862	UM03701.1	
G4NAI7	MGG_13654	
G4N0Z0	MGG_09565	
G4NGP0	MGG_12142	
B2SRF9	raxST	PXO_04479	
Q6X269	clb2	
Q875H9	CDC24	
B1GVX7	pks6	
Q884I7	PSPTO_2105	
I1R9J1	FG00132.1	FGSG_00132	
G4MVY2	MGG_08401	
Q8NJ73	XYL6	
G8AA67	CcpelA	
Q4PBP0	UM02473.1	
G4XVC1	CHS6	
P87248	ATG1	clk1	
Q8J1Y3	chit1	
G4MRY7	MGG_02474	
Q9S108	orf60	
I1S1X8	FG10756.1	FGSG_10756	
Q8TG24	MET3	CNAG_04215	
Q75T35	CAC1	
A4ULI6	CYP51	
Q9UQZ1	EMK1	
Q7Z7T9	tub2	
Q4WJ81	AFUA_1G06900	
Q2FFX4	putA	SAUSA300_1711	
Q8Z6N3	yscR	t1287	
O42773	CNA1	CNAG_04796	
Q9I3S1	bdlA	PA1423	
G0X7N7	um10554	
Q87WF8	hopO1-3	PSPTO_4592	
W7MQF2	FVEG_09223	
Q5ADM9	PMT2	CaO19.14104	CaO19.6812	
Q86ZP4	CPS1	
G9DDS6	slt2	
O53735	mmpL4	MT0466	
Q9C410	NRG1	
Q5AC02	LYS14	CaO19.12994	CaO19.5548	
P64394	ihfB	himD	STM0982	
J9MAX2	FOXG_00016	
Q99174	CUTA	
Q8CZ89	spr0175	
Q5EKM7	vmk1	
Q2FK80	argB	SAUSA300_0184	
I1RFR2	FG02549.1	FGSG_02549	
F4MD99	stbA	UMNK88_pHly56	
Q6WP49	CND5	
G4MQZ2	MGG_02370	
Q96UQ6	AGS1	
C4XXN5	CLUG_00707	
Q09RL3	CIR1	
Q9UVW7	DAC1	
I1RP88	FG05845.1	FGSG_05845	
Q4PCH0	UM02193.1	
Q66WP9	NIK1	
D7HVM9	PSA3335_0904	
Q8J2P6	Rheb	
D7HUT1	PSA3335_0594	
I1S215	FG10796.1	FGSG_10796	
Q4ZX82	hopM1	hopPtoM	Psyr_1186	
Q6FUI3	CAGL0F03245g	
I1RZ37	FG09660.1	FGSG_09660	
Q9C0N5	CaNAG2	
Q09MP5	NPS6	
Q9UWF0	CMD1	MGG_06884	
G4MQR5	MGG_09312	
G4MQ91	MGG_09263	
Q8NK86	Mgb1	
G0X7S7	um05318	
Q4HYC1	BUD32	FGSG_10037	
Q8J129	pkaC1	
I1S2N6	FG11036.1	FGSG_11036	
Q9C0M1	CaNAG5	
G4MWY5	MGG_01196	
D3FN03	hldD	CJSA_1091	
P87198	kin1	
Q8XVQ5	popW	RSc2775	
G4NBN8	MGG_14243	
A3KLI8	ku70	
Q52537	avrPmaA1	
P65882	purA	STM4366	
D4I307	argD	dapC	EAMY_3415	
Q8Z6M0	sseF	t1272	
Q4P245	UM05818.1	
G4XKY8	VEL1	
I1RJM8	FGSG_04053	
Q8Z489	invG	t2800	
G4NGW7	MGG_04006	
I1RC71	FG01174.1	FGSG_01174	
Q59RW5	HXK1	NAG5	CaO19.2154	
G4MNG8	MGG_06951	
I1RWQ2	FG08731.1	FGSG_08731	
I1RN31	FG05393.1	FGSG_05393	
P0CT49	XYL1	XYN22	MGG_07955	
Q00368	cap20	
Q97S31	metE	SP_0585	
Q87ZU3	inh	PSPTO_3331	
Q92210	ADE2	CaO19.13327	CaO19.5906	
G3C9T8	RxLL464	
Q9HWA4	pprB	PA4296	
G4N3L5	MGG_12958	
G4MZS7	MGG_13324	
Q9FD00	hrpX	
Q96VA7	fga1	
I1S104	FG10397.1	FGSG_10397	
Q46654	lsc	
Q2P7T7	XOO0635	
I1RKK5	FGSG_04416	
I1RWW4	FG08800.1	FGSG_08800	
Q7LJU0	UXS1	
Q4P9D3	UM03280.1	
Q87WF7	hopT1-2	PSPTO_4593	
G4NAT9	MGG_03146	
J9VV14	CNAG_06092	
I1S1U7	FG10718.1	FGSG_10718	
Q5J4D6	Mls1	
Q51UJ9	ATG11	MGG_04486	
G4NII5	MGG_09828	
B0BER8	noxR	
J9N0G7	FOXG_08661	
G4N4J5	MGG_13239	
B2SRG0	raxA	PXO_04478	
Q8Z6N5	ssaT	t1289	
P13836	avrC	
A5H7H0	NEP2	
Q08242	avrP	
B7VSJ8	VS_II0815	
H3RJ93	soxR	CKS_4703	
Q5ALP9	SNF2	CaO19.9102	
I1RB84	FG00792.1	FGSG_00792	
P0CY26	SAP1	PRA10	PRA3	
Q4WK65	AFUA_1G03550	
Q92246	PMK1	
G5EH97	MGCH7_ch7g265	MGG_02549	
C4YKT4	RAS1	CAWG_06092	
Q7D412	hspAT1	Atu5052	
Q5Y9C4	ECM33	
Q9SPD4	SD21-1	
D4III8	pao	
C4B8B8	AVR-Pik	AvrPik	Pikm	Pikp	
Q8J214	cru1	
Q51ZN8	ATG2	MGG_05998	
Q4WT66	NRPS1	pes1	pesB	AFUA_1G10380	
Q9C1F9	CEL2	
A4QUT2	KATG2	CPXB	MagKatG2	MGG_09834	
D0Z9I9	ETAE_2130	
Q4PD66	CCP2	UM01947	
Q0UGB6	SNOG_09198	
Q7Z9J3	CZK3	
B2SVR3	hpa1	PXO_03392	
O42793	pkaC	
A9CKC3	hspC	Atu0375	
Q00313	TOP1	
Q8X1D7	mig2-1	
Q8DPY9	pvaA	spr0930	
P22287	AVR9	
C6GZ42	mid1	
G0X7S0	um05319	
Q069J4	CON7	
Q9KT84	luxO	VC_1021	
Q3K359	SAK_0392	
C4YFX2	TUP1	CHP1	CAWG_01360	
Q56935	yopK	
B0BES1	noxA	
A1A7T3	ivy	APECO1_1747	
O13315	MAGB	MGG_00365	
P0A1N0	spaK	invB	STM2895	
F9XJV5	Mg61467	MYCGRDRAFT_75289	
I1RZZ3	FG10003.1	FGSG_10003	
Q9HFV9	PKR1	
D2T177	bap1	
Q0PRN7	luxO	
G4NFU3	MGG_08710	
P69996	ureB	hpuB	HP_0072	
Q875L5	ras2	
P43095	SAP6	
Q4URQ8	XC_3221	
Q8X1A2	pmk1	
Q4P811	UM03752.1	
A9YDN6	SIG1	
G4MSS9	MGG_04538	
Q6FJF0	CAGL0M06831g	
Q4PBH5	UM02538.1	
O53784	mmpL5	Rv0676c	MTV040.04c	
Q00455	SCD1	Cob_03011	
N1JK84	BGHDH14_bgh06298	
Q522W5	SNX4	ATG24	MGG_03638	
G4NIB5	MGG_10702	
G4NJL1	MGG_02622	
Q66A26	pykF	YPTB2306	
Q59RG1	NAG3	CaO19.9705	
C3JXE9	RED3	
A3E242	PMT4	
Q9HG15	CLTA1	
G4MYZ2	MGG_14737	
Q9P8W9	CPA1	
Q8Z4A4	orgAb	orgA	t2771	
A4HTK3	LINJ_08_0560	
C5AIS7	bglu_2g14480	
Q4P815	UM03748.1	
D0ERY8	PdeL	
P52496	LIG4	CDC9	CaO19.13220	CaO19.5798	
G4N7T3	MGG_06368	
Q9X399	aphA	DA89_1233	DA89_2226	DN30_1763	DN32_1745	DN33_1389	DN34_2877	DN35_2189	DN36_2126	DN37_721	DN38_1869	DN39_1639	DN41_580	DN42_937	DN43_1942	IB84_10445	
Q59R28	MNN26	MNN7	CaO19.13984	CaO19.6692	
Q8PPR7	opgH	hrpM	XAC0618	
Q8NJW8	ukb1	
Q75WC2	gyrA	
G4MV99	MGG_01730	
B2SRG1	raxB	PXO_04477	
Q8J0I5	cptf1	
G4NID8	MGG_09869	
Q46640	hrpJ	
P26215	PGN1	
G4MUI1	MGG_07259	
I1S7D0	FGSG_12753	
Q59MV9	YHB1	CaO19.11192	CaO19.3707	
A5CUE1	CMM_2645	
G4NGK7	MGG_04100	
C1KJH9	AVR-Pita1	
P30601	CHS2	
I1RUB2	FGSG_07798	
I1S1V3	FG10725.1	FGSG_10725	
Q882D2	PSPTO_2696	
G4MPA8	MGG_07015	
I1RJM9	FG04054.1	FGSG_04054	
G2X3W4	VDAG_04701	
V6RAJ2	FG05484.1	FGSG_05484	
Q5KL01	CNC01260	
Q8CYR5	spr1035	
G4NCW8	MGG_11454	
Q5AP71	TPK1	TPK3	CaO19.12357	CaO19.4892	
D7HZD8	PSA3335_2272	
P0C1S0	mgrA	mgr	
A7KT36	srtD	
I1RZP6	FG09897.1	FGSG_09897	
P46592	MNT2	CaO19.1663	CaO19.9232	
Q8ZPP5	ssrA	STM1392	
Q4WNT5	AFUA_4G06890	
P46590	ALS1	
G4NCF7	MGG_01096	
Q8KUC0	ef0026	
Q9Y7F1	pabaA	
Q5AMH6	CAS5	CaO19.12140	CaO19.4670	
Q709E2	six1	
G4NES9	MGG_00056	
Q5AK51	SFL2	CaO19.11452	CaO19.3969	
O59918	ukc1	
Q8RYB4	gpa1	gpa	
D2E9W7	DEP2	
Q4PG27	UM00936.1	
G4MKI0	MGG_05344	
G4N525	MGG_05199	
Q9Y885	TOXF	
P87090	CPC-1	
Q58Z64	VAD1	DHH1	CNAG_01537	
I1RR00	FG06502.1	FGSG_06502	
Q5AQ36	SHO1	SSU81	CaO19.12235	CaO19.4772	
Q667Y0	iscR	YPTB2860	
Q6XPX0	fgb1	
I6YWH2	NPS6	
B0LFQ7	Prx	
B9DR51	epi	
Q59MD2	UME6	CaO19.1822	CaO19.9381	
Q96TN6	MAS3	
G4MMH7	MGG_06847	
B5UAE3	sbp2	
Q2VLJ2	PKS4	
Q5AA09	PGA26	CaO19.10012	CaO19.2475	
Q4PDC5	UM01888.1	
P0A2E5	rpoS	katF	STM14_3526	
Q7Z868	glo1	
I1REK5	FG02095.1	FGSG_02095	
G3CK16	um01241	
Q9HFZ4	RBT1	
P87035	GPA4	UM05385	
P38441	ace	VC_1459	
I1S7N4	FGSG_12857	
B0LLU1	ipa	
Q4WR83	AFUA_1G17190	
G4N4F9	MGG_12939	
Q9P932	TPK2	
P0AA19	ompR	STM3502	
Q92197	chsC	AFUA_5G00760	
Q9C1K0	PEP2	
G4MTF8	XYL2	XYN33	MGG_01542	
Q5A7T6	LYS144	CaO19.12835	CaO19.5380	
P41749	pgaA	pecA	
Q6ZX14	ace1	
Q8ZNG2	sseL	STM2287	
Q9C441	PEP1	
G4N7X0	MGG_14847	
G4NIR9	MGG_04137	
G4N178	MGG_07460	
Q4X0H6	AFUA_2G13440	
I1S077	FG10095.1	FGSG_10095	
Q5KQZ9	dcd	BN49_3734	DR88_1636	EQ82_26005	ER51_04555	FH42_08705	FP68_14365	KPPR1_17640	
Q6F4M1	gyrA	
C3PTB1	LAM1	
Q7Z9Z4	GAT1	
J9MXG1	FOXG_07600	
Q3BP62	wxcB	XCV3720	
G4NF43	MGG_04212	
Q99126	CHS3	CHS1	UM00474	UM10120	
Q4U4T0	chi2	
Q4WXK4	AFUA_3G09820	
O94100	BcPGA1	
G4N7Y2	MGG_03516	
G3CJY5	um01240	
Q9LZ25	At5g04720	MUK11.4	T1E3.80	
Q00310	MNT1	KRE2	KTR1	CaO19.1665	CaO19.9234	
P21454	spvB	mkaA	
Q9P304	aox1	
Q52431	avrPpiB1.R3	
Q888W0	hopAI1	PSPTO_0906	
Q29YB0	MK1	
Q4PBH6	UM02537.1	
Q8L552	Avr1b	
Q4X0H7	AFUA_2G13430	
G4N0U1	MGG_07437	
P69066	sicA	spaT	STM2886	
A3M486	A1S_1302	
Q59L12	ALS3	ALS8	CaO19.1816	CaO19.9379	
G4N6Q1	MGG_03694	
P13835	avrB	
D7HXL1	PSA3335_1621	
Q873Z8	chsV	
Q82Z33	EF_3245	I574_00328	OO5_00337	
E2J5T5	rsmA	csrA	
Q5G7L2	Atr13	
Q2FZ08	rny	cvfA	SAOUHSC_01263	
O25743	C694_05770	HP_1118	
Q9P470	MAS1	
Q4P8E7	UM03616.1	
Q59PD2	SPA2	CaO19.13719	CaO19.6362	
Q01099	hrpN	
Q09JB7	HK1	
Q4P333	CHS7	UM05480	
E9NYS9	ppoB	
F3REN8	LM1816_05248	
Q88AL8	iaaL	PSPTO_0371	
Q56022	spaO	STY3014	t2793	
P03962	URA3	YEL021W	
Q8PQN7	avrXacE1	XAC0286	
O42695	CaSLN1	
Q5A409	CHS2	CaO19.7298	
Q888V9	PSPTO_0907	
Q6QIY0	Upa2	
I1RSU2	FG07226.1	FGSG_07226	
G4MR15	MGG_02386	
G4Z2B4	PHYSODRAFT_495397	
D3FJS3	crmA	MGF_1316	
C9Z5Q5	SCAB_58671	
Q9S3S3	relA	DA89_2737	DN32_3113	DN33_3087	DN34_1624	DN35_2697	DN36_2401	DN37_2430	DN38_858	DN39_43	DN42_1623	DN43_653	IB84_09475	
G4MNV0	MGG_06971	
I1RPV7	FG06089.1	FGSG_06089	
Q4WNW5	AFUA_4G07190	
Q9HGU2	fmk1	
P74853	ssaK	STM1411	
Q9P927	NOT4	
J9N257	FOXG_09254	
Q2L8G9	inlA	
Q4P5N0	SMU1	STE20	UM04583	
Q8X125	MAF1	
G4N8I4	MGG_06243	
C5BF98	mdh	NT01EI_0446	
B5R579	yfgL	bamB	SEN2500	
O08243	avrD	
Q7PC62	hopAE1	holPsyAE	Psyr_4269	
Q58PW8	hsvA	
Q0QWD8	Thiol	
G8DNS9	NPS6	
Q700F1	ace2	
B9K1Q7	Avi_5730	
G4NIS9	MGG_04128	
Q4P816	UM03747.1	
I1RKK7	FG04418.1	FGSG_04418	
D2E9W6	DEP1	
P42375	groL	groEL	mopA	PG_0520	
Q4ZLM6	Psyr_4919	
Q6RKG9	PKS11	
F0XP73	CMQ_7257	
H9L471	orf242	STM1390	
G1UAE0	TPS2	
J7MF98	LAC2	
D7HVL3	PSA3335_0887	
C4MEZ6	MPK1	
F6K8L6	SEC14-2	
Q5AI81	PDE2	CaO19.10489	CaO19.2972	
Q51Y68	ATG17	MGG_07667	
Q572D3	avr3a	Avr3a	putative	PI35.0050	PI49.0530	
I1S5P3	FG02592.1	FGSG_12164	
Q65YU2	fga2	
P78607	pg1	
Q875G7	ste12	
G3CJZ1	um01236	
B2SME4	PXO_01019	PXO_06147	
O13401	SOD2	
Q5HFZ4	cvfC	SACOL1465	
D7I5R7	PSA3335_4572	
H9L428	orf408	STM1382	
I1RDE5	FGSG_01641	
I1RCK7	FG01326.1	FGSG_01326	
Q0H744	cna1	
Q8DPA4	spr1268	
Q52EB3	ATG1	MGG_06393	
Q2YPI9	BAB1_0351	DK47_2384	
Q86ZC3	kpp6	
Q59RB8	ICL1	CaO19.14134	CaO19.6844	
A4ULI4	CYP51	
Q4VSJ9	tofR	
D7I5Z5	pqqC	PSA3335_4655	
Q874K8	CLC-A	
O68839	pilD	DA89_2762	DN32_3137	DN35_2672	DN43_629	IB84_09340	
B2SKA7	PXO_03968	
Q9L8R8	aiiA	
Q9C1I7	atr4	
Q4PF13	UM01300.1	
F5HAA8	CNBH3420	
G3C9R3	RxL89	
Q59KY8	SIT4	CaO19.12667	CaO19.5200	
N1JJX4	BGHDH14_bgh06532	BGHDH14_bghG008575000001001	
G4MW66	MGG_01819	
I2G6S4	UHOR_01405	
Q4WZL4	AFUA_2G16520	
Q4U320	cln1	
I1RNQ2	FG05636.1	FGSG_05636	
Q8RYB2	gpb1	gpb	
P76002	pliG	ycgK	b1178	JW1167	
Q6XX21	FHB1	
Q8Z6N4	ssaS	t1288	
P18177	toxB	tcdB	
B0BES2	noxB	
Q9C0N4	SOD1	
Q9UW18	TOXG	
O42624	PTH8	
Q8Z491	spaR	t2790	
Q75WC1	gyrA	
Q8NKF8	SCH9	
O33336	pptT	Rv2794c	RVBD_2794c	LH57_15260	P425_02911	
Q92207	HOG1	CaO19.8514	CaO19.895	
I1RCJ5	FG01312.1	FGSG_01312	
Q9UV32	mig1	
O93802	BRM2	THR	
O42696	CaNIK1	
Q7ZA48	Glu1	
Q7ZA26	CAP10	
O93841	chip6	
G5EHQ9	MGCH7_ch7g618	MGG_02860	
Q7BVH7	sseB	STM1398	
I1RE83	FG01963.1	FGSG_01963	
W7MB59	FVEG_08087	
I1RJS9	FG04111.1	FGSG_04111	
E2CYQ1	cagPAI	
E1AYJ2	pthBXam	
Q9HFT8	CDC35	
G4NAJ0	MGG_09705	
P43079	CPH1	ACPR	CaO19.11912	CaO19.4433	
I1RL30	FG04610.1	FGSG_04610	
O74271	chik1	
Q9C1T0	ARG1	
G4NKL4	MGG_03048	
G4N703	MGG_12828	
Q9Y784	PTH11	
B2CG58	PHL1	
Q8Z492	spaS	t2789	
G1FM79	talC	
A7X4J2	PG1	
G0X7Z5	um05310	
Q4P0Z1	UM06222.1	
I1RNL3	FGSG_05596	
Q8J0T6	MDS3	
Q59X67	EFG1	CaO19.610	CaO19.8243	
Q6XVN4	GNO1	
I1RRG0	FG06680.1	FGSG_06680	
G4N6E0	MGG_14008	
Q9HFU4	MAN1	CNI02370	
D4HUY5	rpoN	EAMY_0316	
O14435	GB-1	
D7I4E7	PSA3335_4088	
D7I5I3	miaB	PSA3335_4487	
Q8Z6L9	sscB	t1271	
O93806	GNA1	
G4NCL5	MGG_00383	
P96320	rcsB	
B2SI03	cysD	PXO_02134	
G5EHY2	MGCH7_ch7g46	MGG_09618	
G3CK30	um01235	
G4MUC7	MGG_01633	
G7RUY1	orf21	FP68_22825	HZ19_24115	IA58_24030	PUUH_pUUH2392p0012	
H9L477	spvB	PSLT039	
D7HV86	PSA3335_0755	
I1RRQ8	FGSG_06793	
Q4P814	UM03749.1	
I1RQ67	FG06206.1	FGSG_06206	
I1RX56	FG08906.1	FGSG_08906	
G4MXR9	MGG_08061	
D7I5Y7	PSA3335_4647	
Q4WC58	AFUA_8G05630	
Q9UVN5	AMT	
A8QJI7	xlnR	
I1RYN5	FGSG_09492	
Q06951	rfbB	VC_0242	
I1RIP4	FG03686.1	FGSG_03686	
Q4ZYH0	Psyr_0738	
Q9HEQ8	cgrA	cgr1	AFUA_8G02750	
Q59VQ3	MAD2	CaO19.1040	CaO19.8642	
Q2VLJ3	PKS13	
Q5AHA0	CHK1	CaO19.8515	CaO19.896	
Q96VU5	UGD1	
Q5J7N6	CHAP1	
Q6B957	FRP1	
P14147	phoQ	SL1344_1168	
Q9FDG1	avrXa7	
P87034	GPA3	UM04474	
I1RRB9	FGSG_06637	
Q59VF3	DUR1,2	CaO19.780	CaO19.8402	
G7T9N6	tal1c	XOC_0460	
Q8P8Q1	galU	XCC2188	
I1RF62	FG02328.1	FGSG_02328	
G3CK43	um01238	
Q9HF03	CLF1	CCN1	CNAG_00694	
Q6FTT1	CAGL0F09097g	
B0RY65	xcc-b100_3220	
B2CQJ9	VEA1	
G4N5V2	MGG_08537	
I1RE80	FG01959.1	FGSG_01959	
Q3BTM6	xopJ	XCV2156	
G4MU26	MGG_07218	
G4MRM6	MGG_11712	
G4NIP2	MGG_04163	
G4NA54	XYL4	MGG_08424	
J9MHC1	FOXG_02277	
A7F6V9	SS1G_13339	
G4NDR3	MGG_00883	
I1RSE4	FG07062.1	FGSG_07062	
O34208	exoU	pepA	CR64_16680	EXC2	RS14	
Q705V7	gas1	
P0CZ04	spiC	ssaB	STM1393	
P46593	HWP1	ECE2	CaO19.1321	CaO19.8901	
G3C9T3	RxLL441	
Q7D321	hspAT2	Atu5449	
P0A2P8	cra	fruR	STM0118	
B7HLG1	codY	BCAH187_A3875	
F8WSC5	noxA	
G1U9Y6	SRV2	CAP	
Q6B971	cprgs-1	
Q00298	cutA	
G4N7R4	MGG_03530	
N1JN67	BGHDH14_bgh03694	
D7HXX4	PSA3335_1745	
J9MFF7	FOXG_01610	
Q837N7	EF_0797	I574_01203	OO5_02704	
Q9P8L8	Bcmfs1	
Q4P819	UM03744.1	
G4N983	MGG_03314	
D7I4C7	PSA3335_4067	
Q6R661	AvrL567-A	
P0A2G1	smpB	smqB	STM2688	
I1RB79	FG00786.1	FGSG_00786	
Q83YM3	hopA1	
Q96WM9	lcc2	
I1RJE8	FG03964.1	FGSG_03964	
I1RHS7	FG03340.1	FGSG_03340	
G4MZS1	MGG_07061	
Q9C1I3	rfg1	
P87032	GPA1	UM05123	UM10177	
G4NC47	MGG_00435	
G1UA43	SLK19	
G4MRZ0	MGG_11899	
Q5AJ77	IRO1	CaO19.1715	CaO19.9283	
G0X828	um05303	
Q2KEW0	SHO1	MGCH7_ch7g926	MGG_09125	
E2GL14	NMA	
H6SB05	PPE18	UDA_1196	
Q5NH51	FTT_0620	
O42620	PTH2	
Q00LS5	CpkA	
C4B8B9	AVR-Pik	AVR-Pikm	
P0DJ06	SAP2	PEP11	PRA11	PRA2	CaO19.11193	CaO19.3708	
I1S0J9	FGSG_10228	
I1RZS5	FG09928.1	FGSG_09928	
Q02039	nip1	
P57063	tatB	VC_0087	
A7F519	SS1G_12694	
Q6SSJ3	ILV2	CNAG_00268	
Q8RSY1	hopAB2	avrPtoB	PSPTO_3087	
I1RRX7	FG06878.1	FGSG_06878	
I1RYQ5	FG09513.1	FGSG_09513	
A4ULJ2	CYP51	
O08242	avrD	
D7HX46	PSA3335_1448	
O93852	ALO1	ALO	CaO19.7551	
Q51LD2	ATG3	MGCH7_ch7g733	MGG_02959	
P49603	chs1	
O74189	PMT1	CaJ7.0330	CaO19.12638	CaO19.5171	
Q4P817	UM03746.1	
I2G5N7	UHOR_01914	
D0ZPP5	pmrF	arnC	STM14_2836	
I1RJD6	FG03951.1	FGSG_03951	
Q4X099	AFUA_2G14210	
P19880	YAP1	PAR1	PDR4	SNQ3	YML007W	YM9571.12	
J4UTE1	BBA_02117	
Q4X0J5	AFUA_2G13260	
Q9C1C6	HDC2	
Q8NJ85	CDC11	
P58371	SPM1	MGG_03670	
P0AA28	trxA	STM3915	STMD1.75	
Q4P2U6	ATG8	UM05567	
Q5AKU6	SSK1	CaO19.12498	CaO19.5031	
Q9C4A1	acpg-1	
Q5K2R7	cot1	
Q5ALK1	CaO19.1577	CaO19.9150	orf19.1577	
Q2LK92	PIC5	
Q48252	cagE	cag23	picB	HP_0544	
Q4P8E9	UM03614.1	
Q7ZA49	Mapk1	
P9WIP7	lsr2	Rv3597c	MTCY07H7B.25	
B2SSA5	raxR2	PXO_02836	
Q0UDE7	SNOG_10217	
N1JJE7	BGHDH14_bgh06518	
Q75T36	CPK1	
Q8ZPP8	orf48	STM1379	
G0X801	um05308	
Q58PX0	hsvC	
I1RWL6	FG08691.1	FGSG_08691	
A4F4L2	avrLm6	
Q5AHG6	SCH9	CaO19.829	CaO19.8449	
Q49GQ5	prtA	
Q9F5R1	tcpN	toxT	
G0X7X3	um05312	
Q0U2A0	SNOG_14274	
G4N7A6	MGG_06434	
Q5IFQ6	SOD2	
Q56023	spaP	STY3013	t2792	
Q4UV56	XC_2004	
Q9C0P7	PEP5	
Q9C3Z2	CPS1	
P15795	toxR	VC_0984	
J9MMS5	FOXG_04196	
Q0UHM8	SNOG_08736	
P58662	rcsC	STM2271	
Q9C1R5	STE12a	
Q9UW87	MLT1	
Q6E9X8	actA	
Q8Z6L3	ssaE	t1264	
I1RA81	FG00408.1	FGSG_00408	
I1RZQ2	FG09903.1	FGSG_09903	
I1RKA4	FGSG_04301	
Q52G60	CEF1	MGG_01426	
G5EH19	MGCH7_ch7g479	MGG_02731	
I1RNK3	FG05586.1	FGSG_05586	
Q96VZ3	pgx1	
Q5K8R6	CXT1	CNL04750	
Q589C6	bcg3	
E2MM96	PSPTOT1_4933	
Q32WF7	Mdh1	
D7I4V6	PSA3335_4257	
Q9C1E9	PEX6	Cob_00508	
G4NF65	MGG_04186	
B2SRG7	raxR	PXO_04469	
Q4I5U9	BUR1	FGSG_07409	
Q9RBW3	hopAB1	virPphA	
Q8TFN4	CHSV	
Q04802	NAG1	CaO19.2156	CaO19.9703	
A4ULJ1	CYP51	
D7I370	PSA3335_3642	
P53705	BUD4	INT1	CaO19.11733	CaO19.4257	
Q4PHC9	UM00484.1	
Q9C1Q9	CPRa1	
O42825	RHO1	CaO19.10362	CaO19.2843	
Q5VB04	avr4E	
Q5YCX0	chs2	
I1RZQ3	FG09905.1	FGSG_09905	
J9VI93	CNAG_00193	
Q875L6	sql2	
G4MRZ9	MGG_02484	
D4IAW2	hrpL	EAM_2894	
Q9UW16	VATP	
Q9HFW4	rum1	
O74205	TOXE	
Q59QS7	ZCF13	CaO19.2646	
Q9B334	cytb	
Q4WXL8	AFUA_3G09960	
Q99067	UhbE1	UHO_0424	
G4MRP7	MGG_04629	
G0X7Y7	um05311	
Q59S18	CPH2	CaO19.1187	CaO19.8778	
Q9C2Y1	bcpme1	
A0ST42	CTB4	
J9MJU9	FOXG_03165	
I1RFK9	FG02488.1	FGSG_02488	
Q51P78	ATG12	MGG_00598	
K8Z7I4	hrcL	XTG29_00890	
G0T3B3	RING1	
Q59P00	DUR3	CaO19.6656	
P01555	ctxA	toxA	VC_1457	
A4L9V1	Rop5	
D6BK26	rsa1	
Q7Z8E8	CSH1	
I1RA89	FG00416.1	FGSG_00416	
Q9AXL8	NIP	
Q75WC3	gyrA	
G0X815	um05305	
G4NIZ2	MGG_02790	
G5EH08	MGCH7_ch7g661	MGG_02897	
D0KML5	rsmA	ksgA	Pecwa_3832	
P32964	CHT	
I1RXV6	FGSG_09182	
G4N3R9	MGG_05871	
P0A1D7	clpP	STM0448	
O43115	DN3	
D0Z9U0	hupA	ETAE_0183	
G3C9N8	RxL22	
Q59Y20	DSE1	CaO19.11112	CaO19.3629	
I1RN43	FG05406.1	FGSG_05406	
A5CVB7	CMM_2969	
I1RKF3	FG04355.1	FGSG_04355	
Q5KAF1	CNJ01930	
O13407	ABC1	
I1S0S6	FG10313.1	FGSG_10313	
A9CFS9	hspL	Atu3887	
Q96UH9	CHM1	
Q02LV5	PA14_36605	
J5K093	BBA_00842	
G4XKY9	LAE1	
Q4P0Z0	UM06223.1	
P30598	CHS1	UM05637	UM10718	
Q4WKG5	AFUA_1G02550	
E1AP33	corA	
Q8Z6N2	ssaQ	t1286	
Q5KB00	CNI04280	
Q5AD72	MNN24	MNN2	MNN22	CaO19.1995	CaO19.9547	
Q9C443	CAC1	
P0A1I4	invA	STY3019	t2798	
I1RTL1	FG07520.1	FGSG_07520	
I1RD16	FG01503.1	FGSG_01503	
O93842	Tri12	
I1S1I6	FG10591.1	FGSG_10591	
A0MAR2	veA	
H7CE70	CoMC69	
G3CK59	um05309	
I1RS48	FG06957.1	FGSG_06957	
P43078	CPP1	CAWG_00432	
Q1A1Y7	Tco1	
I1RQL4	FG06359.1	FGSG_06359	
P15801	MIP1	YOR330C	
G1UA02	ESS1	
G4N8E3	MGG_06279	
Q8XYE3	brg11	RTL2	RSc1815	
B1GVX4	mo-1	
I1RYZ7	FG09614.1	FGSG_09614	
I1RA39	FG00362.1	FGSG_00362	
O14427	CLA4	
G4MTZ0	MGG_01607	
C5A845	bglu_1g00490	
Q6EH42	Gap1	
Q8ZQ52	hiuH	STM1097	
G0X7U3	um05316	
Q8Z6M3	ssaI	t1276	
Q6RKH3	PKS7	
I1RCC9	FG01234.1	FGSG_01234	
Q6T7C1	EMP1	
C4YLK8	HST7	STE7	CAWG_01727	
P14146	phoP	SL1344_1169	
G4NDE1	MGG_00937	
G4MNA5	MGG_02074	
Q87W48	hopAA1-2	PSPTO_4718	
H9L4C4	orf245	STM1381	
Q6LD98	PDA1	
Q8Y9V8	lmo0412	
Q8TG14	bcchsIII	
D0U2D1	SIX3	
D4HWX6	yojN	EAMY_2341	
P04046	ADE4	YMR300C	YM9952.02C	
I1R980	FG00007.1	FGSG_00007	
E0IWR8	mliC	ydhA	ECW_m1807	WFL_08850	EschWDRAFT_0913	
J5JEX5	BBA_08768	
Q4R0Z0	arcD	
G4MQP9	MGG_09299	
O00101	NIA1	
Q6RKH4	PKS6	
C5VVJ6	ssnA	SSU1760	
D2SZX8	TOX9	
B9JV05	Avi_4330	
Q5AHJ0	VMA7	CaO19.806	CaO19.8424	
Q4WLS1	AFUA_6G12530	
Q9Z4S8	ttrB	t1253	
G4N492	MGG_05933	
P0CN96	GPA1	CNI00520	
Q5A4X5	SKN7	CaO19.8586	CaO19.971	
Q04182	PDR15	YDR406W	D9509.24	
O59900	CAP60	
Q9UUS8	chip3	
Q5G7L3	Atr13	
Q888W1	hopAH1	PSPTO_0905	
G0X806	um05306	
Q2PEN8	noxB	
O13289	CTA1	CAT1	CaO19.13609	CaO19.6229	
Q8NKE9	crk1	
D4I974	EAM_1248	
O13465	URE1	CNAG_05540	
Q665I9	ptsN	YPTB3528	
Q2Q466	MNH6	
G3XDC5	hopN1	PSPTO_1370	
I1S050	FG10066.1	FGSG_10066	
Q99129	myp1	
Q4P810	UM03753.1	
Q92217	PKS1	
O59937	XYL3	
Q9HG08	BMP1	
P43015	hilA	iagA	STM2876	
A0N0D1	PEMG1	
Q8Z6M8	ssaM	STY1707	t1281	
Q524W4	ATG18	MGG_03139	
D2EAX8	rim13	
I1RZX9	FG09988.1	FGSG_09988	
D7HU30	PSA3335_0339	
A4ULI9	CYP51	
E3P6S0	IMD1	
Q59SK6	ZCF21	CaO19.11642	CaO19.4166	
G4NGP6	MGG_04066	
Q5QEY0	ACA1	
Q9URM1	Chs1	
Q9HFW0	PKA1	
Q5NHS6	FTT_0369c	
Q8IEJ6	PF13_0070	
Q8TG19	MGV1	FG05_10313	
Q4P9P1	UM03172.1	
C9Z5Q1	SCAB_58621	
O42622	NTH1	PTH9	MGG_09471	
Q8J2N0	SNF1	
Q9HEW2	STE20	
Q99101	prf1	
H8ZZ79	MEPB	
F5HFL6	CNBD0260	
Q97S30	SP_0586	
J9VXZ9	CNAG_04735	
I1RNS1	FG05658.1	FGSG_05658	
Q4PF12	UM01301.1	
J9VJS8	CNAG_00734	
Q8X1E7	bos1	
Q8DP67	spr1327	
B9JZT5	Avi_3342	
G4MQZ9	MGG_02376	
Q92213	VPS34	
A6N6J8	ctf1	
Q884G3	PSPTO_2130	
Q6WP53	BCP1	
I1S5L1	FGSG_12132	
Q59M50	CWT1	CaO19.13271	CaO19.5849	
G4N7A0	MGG_06439	
G7TM01	asnB	XOC_3054	
Q48WD8	emm1.0	M5005_Spy1719	
G4NBI6	MGG_00529	
Q8NJX2	cdc42	
A7KT66	rrgA	
I1S042	FGSG_10057	
I1RUC3	FG07812.1	FGSG_07812	
B6VCT6	ATG4	
I1RC32	FG01134.1	FGSG_01134	
Q5UB48	SKN7	
D7I553	PSA3335_4356	
I2DB61	GB1	
G4MU85	MGG_11346	
Q5TIP4	ppgip2	pgip2	PHAVU_002G201800g	
Q9UQY5	kpp2	ubc3	
P52498	RSR1	
P39827	CDC10	CaO19.548	CaO19.8183	
Q52430	avrPph3	
I1RBW7	FG01058.1	FGSG_01058	
Q9P413	pac1	
Q4WU51	AFUA_5G07210	
I1RD19	FG01506.1	FGSG_01506	
Q8J0U6	toxb	
Q5K995	CNK02740	
Q8Z499	prgH	t2776	
I1RP25	FG05775.1	FGSG_05775	
Q9Y7A1	IPC1	
D7HWI3	PSA3335_1183	
J9MB32	FOXG_00076	
B8Q8Z5	pex7	
Q2V086	ClaSSD1	
G0X840	um05302	
G4NJD1	MGG_15019	
B8QZV4	cyp1	
Q6FM61	CAGL0K10736g	
Q8G8T8	AvrPphEPsmM6	
Q4R1B9	MSTU1	
P43018	iagB	STY3000	t2779	
C5A846	bglu_1g00500	
N1JFE2	BGHDH14_bgh04220	
Q8J0E1	mk2	
Q887D0	hopM1	holPtoX	hopPtoM	PSPTO_1375	CEL	ORF3	
Q99071	UhbW1	UHO_0423	
G4MRQ6	MGG_04621	
O51712	rpoS	BB_0771	
E9F4P0	MAA_07239	
G4NEB8	MGG_00800	
Q9Y7A7	PKS1	
Q51WZ9	ATG9	MGG_09559	
P30602	CHS3	
E9QY26	AFUA_7G03740	
Q4UUA3	ycgR	XC_2317	
A6QHK8	clpX	NWMN_1568	
H3RI38	oxyR	CKS_1061	
Q5EGQ2	BWC1	
Q9KV11	hfq	VC_0347	
G7TK09	tal2a	XOC_1583	
Q0GPY7	lhnR	
Q5SC91	rop1	
G4MNE6	MGG_06933	
N1JJ94	BGHDH14_bgh02874	
O00094	PG1	pg1	
Q875L7	TPS1	
Q00350	XYL2	
Q8NJQ2	RED1	
Q6F4K2	gyrA	
E9R5E2	AFUA_6G06340	
Q88BP8	hopO1-1	PSPTO_A0018	
Q6X9S4	cob	cytB	
B9ZUL0	avrLm4-7	
G4N1D0	MGG_09531	
Q5YCW8	chs7	FOXG_10314	
D7HX82	PSA3335_1487	
G4NGA7	MGG_10414	
I1RCN2	FG01353.1	FGSG_01353	
I1S5M8	FGSG_12149	
G5EHD3	MGCH7_ch7g736	MGG_02961	
B6E225	CYP51	
G8DNT0	PKS1	
P0A1R0	hfq	STM4361	
I1RV69	FGSG_08133	
Q8X1D5	mig2-4	
E0W4Y2	Avh	
I1S7R2	FGSG_12887	
B0YAP6	AFUB_085390	
G5EJ36	tfpO	
G3XDB9	hopAA1-1	PSPTO_1372	
Q4W9P7	AFUA_4G04180	
I1RKU0	FG04510.1	FGSG_04510	
Q9S1J0	rr09	zmpR	DJ38_01790	
Q59X23	PMT4	CaO19.11590	CaO19.4109	
Q4P9L2	UM03201.1	
G0X7T6	um05317	
G4MZG5	MGG_04432	
D7I589	PSA3335_4392	
G4MW47	MGG_14767	
F8SM03	PLA2	
G4NC11	MGG_00466	
Q6ZXG2	dspA	
Q5A4M8	SUR7	CaO19.10917	CaO19.3414	
Q56052	invE	STY3020	t2799	
I1RCF7	FG01271.1	FGSG_01271	
H9DUR1	Ave1	
Q9KVQ3	tatC	VC_0088	
Q7WTQ9	acrB	
Q6TDT0	SOD2	
G4N6E2	MGG_08600	
D7HUU4	PSA3335_0607	
G5EI34	MGCH7_ch7g332	MGG_02611	
Q8TGD1	FOW1	
G3CJZ9	um01234	
V5W1E0	GCW_01440	
D2EAY0	rim9	
