PHI:3	Entrez Protein	AAA79885
PHI:7	Entrez Protein	CAA42824
PHI:12	Entrez Protein	AAA33023
PHI:14	Entrez Protein	AAB09711
PHI:14	Entrez Protein	AAB09711
PHI:15	Entrez Protein	AAA20128
PHI:17	Entrez Protein	CAA43678
PHI:18	Entrez Protein	CAA69643
PHI:19	Entrez Protein	AAA17547
PHI:22	Entrez Protein	AAA57469
PHI:24	Entrez Protein	AAB09777
PHI:24	Entrez Protein	AAB09777
PHI:25	Entrez Protein	CAJ29326
PHI:26	Entrez Protein	CAA37820
PHI:27	Entrez Protein	AAA77678
PHI:27	Entrez Protein	AAA77678
PHI:31	Entrez Protein	BAA02707
PHI:33	Entrez Protein	AAA68196
PHI:35	Entrez Protein	AAB69694
PHI:36	Entrez Protein	AAA93199
PHI:37	Entrez Protein	AAC37439
PHI:38	Entrez Protein	AAA86496
PHI:39	Entrez Protein	AAS60096
PHI:40	Entrez Protein	BAA18956
PHI:41	Entrez Protein	AAA80239
PHI:42	Entrez Protein	AAA91019
PHI:44	Entrez Protein	AAM90953
PHI:44	Entrez Protein	AAM90953
PHI:44	Entrez Protein	AAM90953
PHI:44	Entrez Protein	AAM90953
PHI:44	Entrez Protein	AAM90953
PHI:44	Entrez Protein	AAM90953
PHI:44	Entrez Protein	AAM90953
PHI:47	Entrez Protein	AAB06581
PHI:48	NULL	BAD91825   
PHI:48	NULL	BAD91825   
PHI:48	NULL	BAD91825   
PHI:49	Entrez Protein	AAA67706
PHI:52	Entrez Protein	AAB03415
PHI:52	Entrez Protein	AAB03415
PHI:53	Entrez Protein	AAP19639
PHI:55	Entrez Protein	AAB08104
PHI:56	Entrez Protein	AAC49521
PHI:57	Entrez Protein	AAC32736
PHI:58	Entrez Protein	BAA13009
PHI:59	Entrez Protein	BAA18962
PHI:60	Entrez Protein	AAB36607
PHI:61	Entrez Protein	AAA21151
PHI:62	Entrez Protein	AAB81286
PHI:65	Entrez Protein	AAC49838
PHI:66	Entrez Protein	AAC05307
PHI:67	Entrez Protein	CAA54129
PHI:68	Entrez Protein	AAA34368
PHI:68	Entrez Protein	AAA34368
PHI:69	Entrez Protein	CAA93255
PHI:69	Entrez Protein	CAA93255
PHI:69	Entrez Protein	CAA93255
PHI:69	Entrez Protein	CAA93255
PHI:69	Entrez Protein	CAA93255
PHI:69	Entrez Protein	CAA93255
PHI:70	Entrez Protein	CAA78400
PHI:71	Entrez Protein	CAA78401
PHI:71	Entrez Protein	CAA78401
PHI:72	Entrez Protein	AAM21050
PHI:72	Entrez Protein	AAM21050
PHI:73	Entrez Protein	AAA34372
PHI:73	Entrez Protein	AAA34372
PHI:75	Entrez Protein	AAD46575
PHI:75	Entrez Protein	AAD46575
PHI:75	Entrez Protein	AAD46575
PHI:76	Entrez Protein	AAC49724
PHI:77	Entrez Protein	AAC49725
PHI:78	Entrez Protein	AAC49726
PHI:79	Entrez Protein	AAC49727
PHI:80	Entrez Protein	AAB39507
PHI:81	Entrez Protein	AAB66482
PHI:82	Entrez Protein	AAB65425
PHI:83	Entrez Protein	AAB65426
PHI:84	Entrez Protein	AAB65427
PHI:85	Entrez Protein	AAB68613
PHI:86	Entrez Protein	AAA64692
PHI:87	Entrez Protein	CAA83640
PHI:87	Entrez Protein	CAA83640
PHI:88	Entrez Protein	AAA85279
PHI:89	Entrez Protein	AAB97372
PHI:95	Entrez Protein	AAB66368
PHI:96	Entrez Protein	AAA34345
PHI:97	Entrez Protein	AAC62818
PHI:98	Entrez Protein	AAB84284
PHI:99	Entrez Protein	BAC41196
PHI:100	Entrez Protein	AAA75366
PHI:101	Entrez Protein	AAC39471
PHI:103	Entrez Protein	AAC64374
PHI:103	Entrez Protein	AAC64374
PHI:103	Entrez Protein	AAC64374
PHI:104	Entrez Protein	CAA67930
PHI:104	Entrez Protein	CAA67930
PHI:105	Entrez Protein	AAC61890
PHI:106	Entrez Protein	AAC39448
PHI:107	Entrez Protein	EAK96519
PHI:109	Entrez Protein	AAB61403
PHI:111	Entrez Protein	AAB49807
PHI:112	Entrez Protein	AAC49410
PHI:113	Entrez Protein	AAC63682
PHI:114	Entrez Protein	AAC05015
PHI:115	Entrez Protein	AAC26146
PHI:116	Entrez Protein	CAA76740
PHI:120	Entrez Protein	AAB88887
PHI:121	Entrez Protein	AAB88888
PHI:122	Entrez Protein	AAB88886
PHI:123	Entrez Protein	AAB88889
PHI:124	Entrez Protein	AAA96019
PHI:125	Entrez Protein	AAA17877
PHI:125	Entrez Protein	AAA17877
PHI:126	Entrez Protein	CAA82923
PHI:126	Entrez Protein	CAA82923
PHI:127	Entrez Protein	CAA82924
PHI:127	Entrez Protein	CAA82924
PHI:128	Entrez Protein	AAC34140
PHI:129	Entrez Protein	AAC39450
PHI:130	Entrez Protein	CAA69223
PHI:131	Entrez Protein	AAD12756
PHI:132	Entrez Protein	AAB86640
PHI:133	Entrez Protein	BAA36588
PHI:134	Entrez Protein	BAA36589
PHI:135	Entrez Protein	AAA91036
PHI:136	Entrez Protein	AAC39451
PHI:136	Entrez Protein	AAC39451
PHI:136	Entrez Protein	AAC39451
PHI:136	Entrez Protein	AAC39451
PHI:138	Entrez Protein	BAA24952
PHI:139	Entrez Protein	BAC76819
PHI:140	Entrez Protein	BAA24951
PHI:141	Entrez Protein	AAC78076
PHI:142	Entrez Protein	AAF05913
PHI:143	Entrez Protein	AAA33353
PHI:144	Entrez Protein	AAC05829
PHI:146	Entrez Protein	AAC04355
PHI:149	Entrez Protein	CAA62214
PHI:151	Entrez Protein	AAF15528
PHI:153	Entrez Protein	AAF09475
PHI:156	Entrez Protein	AAD44111
PHI:156	Entrez Protein	AAD44111
PHI:157	Entrez Protein	AAD45321
PHI:158	Entrez Protein	AAC09291
PHI:159	Entrez Protein	AAC62627
PHI:160	NULL	AAF01762 
PHI:161	Entrez Protein	AAG23132
PHI:161	Entrez Protein	AAG23132
PHI:161	Entrez Protein	AAG23132
PHI:162	Entrez Protein	AAF69680
PHI:163	Entrez Protein	AAC39354
PHI:164	Entrez Protein	AAB92221
PHI:165	Entrez Protein	AAD55385
PHI:166	Entrez Protein	AAD53262
PHI:166	Entrez Protein	AAD53262
PHI:167	Entrez Protein	AAF00024
PHI:167	Entrez Protein	AAF00024
PHI:169	Entrez Protein	AAG25917
PHI:170	Entrez Protein	AAD50496
PHI:172	Entrez Protein	AAD25159
PHI:173	Entrez Protein	AAC03782
PHI:174	Entrez Protein	BAA36496
PHI:175	Entrez Protein	AAC96368
PHI:176	Entrez Protein	AAF24760
PHI:177	Entrez Protein	CAB56523
PHI:178	Entrez Protein	AAD31929
PHI:179	Entrez Protein	AAA33338
PHI:180	Entrez Protein	AAC49420
PHI:181	Entrez Protein	AAK81847
PHI:182	Entrez Protein	AAD55937
PHI:182	Entrez Protein	AAD55937
PHI:182	Entrez Protein	AAD55937
PHI:182	Entrez Protein	AAD55937
PHI:183	Entrez Protein	AAG09787
PHI:183	Entrez Protein	AAG09787
PHI:184	Entrez Protein	AAG09789
PHI:184	Entrez Protein	AAG09789
PHI:185	Entrez Protein	AAD51714
PHI:186	Entrez Protein	AAD51715
PHI:187	Entrez Protein	AAG02418
PHI:188	Entrez Protein	AAD43341
PHI:189	Entrez Protein	AAD55813
PHI:190	Entrez Protein	EAL04411
PHI:191	Entrez Protein	AAB08446
PHI:194	Entrez Protein	AAC62257
PHI:195	Entrez Protein	CAA70254
PHI:196	Entrez Protein	AAC49755
PHI:197	Entrez Protein	AAC98913
PHI:198	Entrez Protein	AAC41649
PHI:198	Entrez Protein	AAC41649
PHI:198	Entrez Protein	AAC41649
PHI:199	Entrez Protein	AAF82788
PHI:200	Entrez Protein	BAB40769
PHI:201	Entrez Protein	AAK00131
PHI:202	Entrez Protein	CAB52402
PHI:202	Entrez Protein	CAB52402
PHI:203	Entrez Protein	CAC19871
PHI:203	Entrez Protein	CAC19871
PHI:204	Entrez Protein	AAG18428
PHI:205	Entrez Protein	CAA21947
PHI:206	Entrez Protein	BAB43821
PHI:207	Entrez Protein	BAB43813
PHI:208	Entrez Protein	BAB43816
PHI:209	Entrez Protein	AAK09366
PHI:210	Entrez Protein	AAD42978
PHI:211	Entrez Protein	AAB63195
PHI:212	Entrez Protein	AAC23929
PHI:213	Entrez Protein	AAF69795
PHI:213	Entrez Protein	AAF69795
PHI:214	Entrez Protein	AAF04335
PHI:215	Entrez Protein	AAG01162
PHI:215	Entrez Protein	AAG01162
PHI:216	Entrez Protein	AAK35180
PHI:217	Entrez Protein	EAK93243
PHI:218	NULL	AAD28749 
PHI:219	Entrez Protein	CAA64457
PHI:220	Entrez Protein	AAG10203
PHI:220	Entrez Protein	AAG10203
PHI:221	Entrez Protein	AAF04334
PHI:222	Entrez Protein	AAD09857
PHI:223	Entrez Protein	AAK11166
PHI:224	Entrez Protein	AAK11167
PHI:225	Entrez Protein	AAK16922
PHI:226	Entrez Protein	AAK16738
PHI:227	Entrez Protein	AAG30145
PHI:227	Entrez Protein	AAG30145
PHI:227	Entrez Protein	AAG30145
PHI:227	Entrez Protein	AAG30145
PHI:227	Entrez Protein	AAG30145
PHI:228	Entrez Protein	AAF65220
PHI:228	Entrez Protein	AAF65220
PHI:229	Entrez Protein	CAC22481
PHI:230	Entrez Protein	AAK52840
PHI:231	Entrez Protein	AAK31209
PHI:232	Entrez Protein	AAG49739
PHI:233	Entrez Protein	AAD13811
PHI:234	Entrez Protein	AAK49432
PHI:235	Entrez Protein	AAK81705
PHI:236	Entrez Protein	AAC34496
PHI:237	Entrez Protein	AAC35278
PHI:238	Entrez Protein	AAD31436
PHI:239	Entrez Protein	AAM02905
PHI:240	Entrez Protein	CAB77164
PHI:241	Entrez Protein	AAG60619
PHI:241	Entrez Protein	AAG60619
PHI:242	Entrez Protein	CAC17748
PHI:243	Entrez Protein	AAD00894
PHI:244	Entrez Protein	AAN62846
PHI:245	Entrez Protein	CAC47939
PHI:246	Entrez Protein	CAC87145
PHI:247	Entrez Protein	CAA71246
PHI:249	Entrez Protein	AAG13968
PHI:250	Entrez Protein	AAM88291
PHI:251	Entrez Protein	BAB69488
PHI:252	NULL	EAK98810 
PHI:253	Entrez Protein	AAK27436
PHI:254	Entrez Protein	BAB85760
PHI:255	Entrez Protein	AAD43562
PHI:256	Entrez Protein	AAK52794
PHI:257	Entrez Protein	AAF74764
PHI:258	Entrez Protein	CAC40023
PHI:259	Entrez Protein	AAL83897
PHI:260	Entrez Protein	AAM15960
PHI:261	Entrez Protein	AAM89498
PHI:262	NULL	EAK94586 
PHI:263	Entrez Protein	AAL50116
PHI:264	Entrez Protein	AAN77869
PHI:265	Entrez Protein	AAL92174
PHI:266	Entrez Protein	AAM13670
PHI:266	Entrez Protein	AAM13670
PHI:266	Entrez Protein	AAM13670
PHI:266	Entrez Protein	AAM13670
PHI:266	Entrez Protein	AAM13670
PHI:267	Entrez Protein	AAD51594
PHI:268	Entrez Protein	AAL27626
PHI:269	Entrez Protein	AAO19639
PHI:270	Entrez Protein	BAA24262
PHI:271	Entrez Protein	AAC12872
PHI:272	Entrez Protein	AAL09436
PHI:273	Entrez Protein	AAD33888
PHI:274	Entrez Protein	AAM22494
PHI:275	Entrez Protein	AAM22475
PHI:276	Entrez Protein	CAA54909
PHI:277	Entrez Protein	AAQ16572
PHI:277	Entrez Protein	AAQ16572
PHI:278	Entrez Protein	CAC29255
PHI:278	Entrez Protein	CAC29255
PHI:278	Entrez Protein	CAC29255
PHI:278	Entrez Protein	CAC29255
PHI:278	Entrez Protein	CAC29255
PHI:278	Entrez Protein	CAC29255
PHI:278	Entrez Protein	CAC29255
PHI:279	NULL	EAK92427                
PHI:280	Entrez Protein	AAG36938
PHI:281	Entrez Protein	CAA81090
PHI:282	Entrez Protein	AAM51626
PHI:283	Entrez Protein	AAO25556
PHI:285	Entrez Protein	AAO49384
PHI:285	Entrez Protein	AAO49384
PHI:286	Entrez Protein	AAO73005
PHI:287	Entrez Protein	AAN65464
PHI:288	Entrez Protein	EAL00094
PHI:289	Entrez Protein	EAK99989
PHI:290	Entrez Protein	EAL03139
PHI:291	Entrez Protein	CAD10781
PHI:292	Entrez Protein	AAK31936
PHI:293	Entrez Protein	AAG53991
PHI:294	Entrez Protein	BAC11803
PHI:295	Entrez Protein	AAP87099
PHI:296	Entrez Protein	AAP72037
PHI:300	Entrez Protein	AAO91808
PHI:301	Entrez Protein	AAN32715
PHI:301	Entrez Protein	AAN32715
PHI:303	Entrez Protein	AAP50501
PHI:304	Entrez Protein	AAP12366
PHI:305	Entrez Protein	AAN28719
PHI:306	Entrez Protein	AAB80929
PHI:307	Entrez Protein	AAN63948
PHI:308	Entrez Protein	CAD43731
PHI:309	Entrez Protein	AAL73403
PHI:309	Entrez Protein	AAL73403
PHI:309	Entrez Protein	AAL73403
PHI:309	Entrez Protein	AAL73403
PHI:309	Entrez Protein	AAL73403
PHI:310	Entrez Protein	AAK15314
PHI:311	Entrez Protein	BAC01165
PHI:313	Entrez Protein	AAO61669
PHI:314	Entrez Protein	AAF93178
PHI:314	Entrez Protein	AAF93178
PHI:315	Entrez Protein	AAM95700
PHI:315	Entrez Protein	AAM95700
PHI:316	Entrez Protein	AAP55639
PHI:317	Entrez Protein	AAN17787
PHI:318	Entrez Protein	AAK31919
PHI:318	Entrez Protein	AAK31919
PHI:319	Entrez Protein	AAO19638
PHI:320	Entrez Protein	AAL54912
PHI:321	Entrez Protein	CAD59444
PHI:322	Entrez Protein	AAN46744
PHI:323	Entrez Protein	AAO63562
PHI:324	Entrez Protein	AAU05130
PHI:325	Entrez Protein	CAG28797
PHI:326	Entrez Protein	CAF34431
PHI:328	Entrez Protein	AAW63763
PHI:329	Entrez Protein	CAD43406
PHI:329	Entrez Protein	CAD43406
PHI:329	Entrez Protein	CAD43406
PHI:329	Entrez Protein	CAD43406
PHI:330	Entrez Protein	CAD88591
PHI:331	Entrez Protein	EAK93180
PHI:332	Entrez Protein	BAD04045
PHI:333	Entrez Protein	AAV27296
PHI:334	Entrez Protein	AAO25585
PHI:335	Entrez Protein	AAG28884
PHI:336	Entrez Protein	AAT77182
PHI:337	Entrez Protein	AAT77184
PHI:338	Entrez Protein	AAP94020
PHI:339	Entrez Protein	CAC41973
PHI:340	Entrez Protein	AAQ14858
PHI:341	Entrez Protein	BAD04044
PHI:342	Entrez Protein	AAO27796
PHI:343	Entrez Protein	AAT92283
PHI:344	Entrez Protein	CAD21519
PHI:345	Entrez Protein	AAR06257
PHI:346	Entrez Protein	AAN10186
PHI:348	NULL	EAK92385                 
PHI:350	Entrez Protein	AAR06609
PHI:352	Entrez Protein	CAD79488
PHI:353	Entrez Protein	AAQ94737
PHI:354	Entrez Protein	CAC81805
PHI:356	Entrez Protein	AAK98783
PHI:357	Entrez Protein	EAL00089
PHI:358	Entrez Protein	AAR29084
PHI:359	Entrez Protein	AAK14386
PHI:360	Entrez Protein	AAW46354
PHI:360	Entrez Protein	AAW46354
PHI:361	Uniprot	EAL01265 
PHI:362	Entrez Protein	CAC48042
PHI:364	Entrez Protein	EAK95175
PHI:365	Entrez Protein	AAS91580
PHI:366	Entrez Protein	AAS86162
PHI:366	Entrez Protein	AAS86162
PHI:367	Entrez Protein	AAT81148
PHI:368	Entrez Protein	AAF66693
PHI:369	Entrez Protein	AAL11436
PHI:370	Entrez Protein	AAM74047
PHI:371	Entrez Protein	CAC82611
PHI:372	Entrez Protein	AAG30146
PHI:372	Entrez Protein	AAG30146
PHI:372	Entrez Protein	AAG30146
PHI:373	Entrez Protein	EAK93902
PHI:375	Entrez Protein	BAC55015
PHI:376	Entrez Protein	AAM21494
PHI:376	Entrez Protein	AAM21494
PHI:377	Entrez Protein	AAT84594
PHI:378	NULL	EAK91146 
PHI:379	Entrez Protein	CAE55866
PHI:380	NULL	EAK97884 
PHI:382	Entrez Protein	AAM97788
PHI:383	NULL	EAL00626                 
PHI:384	Entrez Protein	AAS48112
PHI:385	Entrez Protein	AAO18659
PHI:386	Entrez Protein	AAP68994
PHI:387	Entrez Protein	AAK95561
PHI:389	Entrez Protein	AAB84285
PHI:390	Entrez Protein	AAL79830
PHI:391	Entrez Protein	BAC67162
PHI:392	Entrez Protein	CAA61538
PHI:393	Entrez Protein	CAH04535
PHI:394	Entrez Protein	AAM21640
PHI:395	Entrez Protein	BAD44729
PHI:397	Entrez Protein	AAV64894
PHI:398	Entrez Protein	CAA87390
PHI:399	NULL	EAK95207 
PHI:401	Entrez Protein	AAB86583
PHI:402	Entrez Protein	AAA62242
PHI:404	Entrez Protein	AAD30436
PHI:405	Entrez Protein	AAK07740
PHI:406	Entrez Protein	AAF09452
PHI:407	Entrez Protein	CAB40372
PHI:409	Entrez Protein	AAN41259
PHI:410	Entrez Protein	AAW56834
PHI:411	Entrez Protein	AAV54029
PHI:412	Entrez Protein	AAS64313
PHI:413	Entrez Protein	AAT84078
PHI:414	Entrez Protein	AAT73077
PHI:416	Entrez Protein	AAX09988
PHI:416	Uniprot	AY884191
PHI:417	Uniprot	EHA48601 
PHI:418	Entrez Protein	EHA50924
PHI:419	Entrez Protein	AAP93915
PHI:420	Entrez Protein	AAS19620
PHI:420	Entrez Protein	AAS19620
PHI:422	Entrez Protein	AAK01665
PHI:422	Entrez Protein	AAK01665
PHI:422	Entrez Protein	AAK01665
PHI:423	Entrez Protein	AAV41010
PHI:424	Entrez Protein	EAL19243
PHI:425	Entrez Protein	EAL17726
PHI:427	Entrez Protein	EAL04880
PHI:428	Entrez Protein	AAF64072
PHI:429	Entrez Protein	CAD43407
PHI:430	Entrez Protein	AAW72937
PHI:431	Entrez Protein	AAW72938
PHI:432	Entrez Protein	AAQ23181
PHI:432	Entrez Protein	AAQ23181
PHI:433	Entrez Protein	AAT69682
PHI:434	NULL	EAL88984                 
PHI:435	NULL	EAL02110 
PHI:436	Entrez Protein	AAN03477
PHI:437	Entrez Protein	CAA71247
PHI:438	Entrez Protein	AAQ16576
PHI:438	Entrez Protein	AAQ16576
PHI:439	Entrez Protein	BAA83722
PHI:440	Entrez Protein	CAB87245
PHI:441	Entrez Protein	CAE55153
PHI:441	Entrez Protein	CAE55153
PHI:441	Entrez Protein	CAE55153
PHI:441	Entrez Protein	CAE55153
PHI:447	NULL	CAI48090 
PHI:449	NULL	"CAI48090

PHI:450	Entrez Protein	AAV36564
PHI:451	Entrez Protein	AAC31119
PHI:452	Entrez Protein	AAF16867
PHI:453	NULL	EAL00423 
PHI:453	NULL	EAL00423 
PHI:453	NULL	EAL00423 
PHI:454	NULL	EAL01044 
PHI:455	Entrez Protein	AAC13946
PHI:455	Entrez Protein	AAC13946
PHI:455	Entrez Protein	AAC13946
PHI:455	Entrez Protein	AAC13946
PHI:457	Entrez Protein	EAK97437
PHI:458	Entrez Protein	AAD18059
PHI:459	Entrez Protein	CAA79219
PHI:460	Entrez Protein	CAA79218
PHI:461	Entrez Protein	AAB38875
PHI:462	NULL	AAB59338 
PHI:463	Entrez Protein	AAA02743
PHI:464	Entrez Protein	AAB63336
PHI:465	Entrez Protein	AAB63337
PHI:466	Entrez Protein	AAA57470
PHI:467	Entrez Protein	AAC16255
PHI:468	Entrez Protein	AAQ82691
PHI:469	Entrez Protein	AAD47837
PHI:470	Entrez Protein	AAC01955
PHI:471	Entrez Protein	AAB69764
PHI:472	Entrez Protein	CAD16675
PHI:473	Entrez Protein	CAI72345
PHI:474	Entrez Protein	AAG13937
PHI:475	Entrez Protein	AAK15315
PHI:476	Entrez Protein	AAG30205
PHI:477	NULL	EAK93039 
PHI:478	Entrez Protein	AAL55095
PHI:479	Entrez Protein	AAQ07436
PHI:480	Entrez Protein	EAK94461
PHI:480	Entrez Protein	EAK94461
PHI:481	Entrez Protein	AAX14039
PHI:481	Entrez Protein	AAX14039
PHI:482	Entrez Protein	AAR01218
PHI:483	Entrez Protein	AAW71477
PHI:483	Entrez Protein	AAW71477
PHI:483	Entrez Protein	AAW71477
PHI:483	Entrez Protein	AAW71477
PHI:483	Entrez Protein	AAW71477
PHI:483	Entrez Protein	AAW71477
PHI:483	Entrez Protein	AAW71477
PHI:484	Entrez Protein	EAK99541
PHI:485	Entrez Protein	AAF69680
PHI:486	Entrez Protein	AAX40989
PHI:488	Entrez Protein	EAK93583
PHI:489	Entrez Protein	AAW46720
PHI:489	Entrez Protein	AAW46720
PHI:490	Entrez Protein	AAT85969
PHI:491	Entrez Protein	EAK96144
PHI:492	Entrez Protein	AAV84614
PHI:492	Entrez Protein	AAV84614
PHI:493	Entrez Protein	AAT98628
PHI:494	Entrez Protein	EAL89712
PHI:496	Entrez Protein	EAL92371
PHI:497	Entrez Protein	AAX08139
PHI:499	Entrez Protein	AAX19188
PHI:500	Entrez Protein	EAK91807
PHI:501	Entrez Protein	CAA99327
PHI:502	Entrez Protein	CAA89133
PHI:503	Entrez Protein	AAB64668
PHI:504	Entrez Protein	CAA42366
PHI:505	Entrez Protein	AAA17543
PHI:506	Entrez Protein	AAA34824
PHI:507	Entrez Protein	AAF03566
PHI:508	Entrez Protein	BAB69076
PHI:508	Entrez Protein	BAB69076
PHI:509	Entrez Protein	BAB69078
PHI:509	Entrez Protein	BAB69078
PHI:510	Entrez Protein	EAK93097
PHI:511	Entrez Protein	EAK93098
PHI:512	Entrez Protein	BAB43823
PHI:513	Entrez Protein	EAK97011
PHI:513	Entrez Protein	EAK97011
PHI:514	Entrez Protein	EAL03004
PHI:515	Entrez Protein	AAL93208
PHI:516	Entrez Protein	AAG09422
PHI:516	Entrez Protein	AAG09422
PHI:517	Entrez Protein	EAK95520
PHI:518	Entrez Protein	AAP93639
PHI:519	Entrez Protein	AAL15449
PHI:520	Entrez Protein	EAK98681
PHI:521	Entrez Protein	AAB92223
PHI:522	Entrez Protein	AAX78216
PHI:522	Entrez Protein	AAX78216
PHI:523	Entrez Protein	AAQ03244
PHI:524	Entrez Protein	AAY42143
PHI:524	Entrez Protein	AAY42143
PHI:525	Entrez Protein	EAA72509
PHI:526	Entrez Protein	CAF05793
PHI:527	Entrez Protein	AAO72959
PHI:527	Entrez Protein	AAO72959
PHI:528	Entrez Protein	AAT39367
PHI:529	Entrez Protein	AAT28197
PHI:530	Entrez Protein	AAM20937
PHI:531	Entrez Protein	AAX51198
PHI:532	Entrez Protein	AAS66948
PHI:532	Entrez Protein	AAS66948
PHI:533	Entrez Protein	AAS66949
PHI:533	Entrez Protein	AAS66949
PHI:534	Entrez Protein	AAB61464
PHI:535	Entrez Protein	ABB96264
PHI:536	Entrez Protein	ABB96261
PHI:537	Entrez Protein	ABB96267
PHI:538	Entrez Protein	AAU87358
PHI:538	Entrez Protein	AAU87358
PHI:540	Entrez Protein	CAD21438
PHI:540	Entrez Protein	CAD21438
PHI:540	Entrez Protein	CAD21438
PHI:540	Entrez Protein	CAD21438
PHI:541	Entrez Protein	AAU87359
PHI:541	Entrez Protein	AAU87359
PHI:541	Entrez Protein	AAU87359
PHI:541	Entrez Protein	AAU87359
PHI:541	Entrez Protein	AAU87359
PHI:541	Entrez Protein	AAU87359
PHI:542	Entrez Protein	AAK77951
PHI:542	Entrez Protein	AAK77951
PHI:543	Entrez Protein	CAC41639
PHI:543	Entrez Protein	CAC41639
PHI:544	Entrez Protein	AAF64435
PHI:544	Entrez Protein	AAF64435
PHI:544	Entrez Protein	AAF64435
PHI:545	Entrez Protein	AAG23132
PHI:546	Entrez Protein	AAZ03776
PHI:546	Entrez Protein	AAZ03776
PHI:547	Entrez Protein	AAT40313
PHI:547	Entrez Protein	AAT40313
PHI:548	Entrez Protein	ABA25866
PHI:548	Entrez Protein	ABA25866
PHI:549	Entrez Protein	AAM14606
PHI:549	Entrez Protein	AAM14606
PHI:550	Entrez Protein	AAL37947
PHI:550	Entrez Protein	AAL37947
PHI:551	Entrez Protein	BAB40947
PHI:552	Entrez Protein	AAK77953
PHI:552	Entrez Protein	AAK77953
PHI:552	Entrez Protein	AAK77953
PHI:552	Entrez Protein	AAK77953
PHI:553	Entrez Protein	AAL20316
PHI:553	Entrez Protein	AAL20316
PHI:554	Entrez Protein	AAO68911
PHI:555	Entrez Protein	AAL20317
PHI:556	Entrez Protein	AAO68920
PHI:557	Entrez Protein	AAO68922
PHI:558	Entrez Protein	AAO68924
PHI:559	Entrez Protein	AAO69321
PHI:560	Entrez Protein	AAO68606
PHI:561	Entrez Protein	AAO70332
PHI:563	Entrez Protein	AAL21756
PHI:563	Entrez Protein	AAL21756
PHI:563	Entrez Protein	AAL21756
PHI:564	NULL	CAA63929 
PHI:565	Entrez Protein	CAA63928
PHI:566	Entrez Protein	AAK19621
PHI:567	Entrez Protein	AAC41683
PHI:567	Entrez Protein	AAC41683
PHI:567	Entrez Protein	AAC41683
PHI:567	Entrez Protein	AAC41683
PHI:567	Entrez Protein	AAC41683
PHI:567	Entrez Protein	AAC41683
PHI:568	Entrez Protein	AAC41684
PHI:568	Entrez Protein	AAC41684
PHI:568	Entrez Protein	AAC41684
PHI:568	Entrez Protein	AAC41684
PHI:568	Entrez Protein	AAC41684
PHI:568	Entrez Protein	AAC41684
PHI:569	Entrez Protein	AAC06239
PHI:570	Entrez Protein	AAK27975
PHI:571	Entrez Protein	AAA33024
PHI:571	Entrez Protein	AAA33024
PHI:571	Entrez Protein	AAA33024
PHI:571	Entrez Protein	AAA33024
PHI:572	Entrez Protein	AAC62815
PHI:572	Entrez Protein	AAC62815
PHI:572	Entrez Protein	AAC62815
PHI:572	Entrez Protein	AAC62815
PHI:573	Entrez Protein	AAC62816
PHI:573	Entrez Protein	AAC62816
PHI:573	Entrez Protein	AAC62816
PHI:573	Entrez Protein	AAC62816
PHI:574	Entrez Protein	BAD93277
PHI:576	Entrez Protein	BAE72680
PHI:576	Entrez Protein	BAE72680
PHI:576	Entrez Protein	BAE72680
PHI:577	Entrez Protein	BAE72682
PHI:578	Entrez Protein	BAF36501
PHI:579	Entrez Protein	AAO54435
PHI:579	Entrez Protein	AAO54435
PHI:580	Entrez Protein	AAO58043
PHI:580	Entrez Protein	AAO58043
PHI:581	Entrez Protein	AAO54439
PHI:581	Entrez Protein	AAO54439
PHI:582	Entrez Protein	AAO54440
PHI:582	Entrez Protein	AAO54440
PHI:583	Entrez Protein	AAO58038
PHI:583	Entrez Protein	AAO58038
PHI:584	Entrez Protein	AAO58039
PHI:584	Entrez Protein	AAO58039
PHI:585	Entrez Protein	AAO54441
PHI:585	Entrez Protein	AAO54441
PHI:586	Entrez Protein	AAO59043
PHI:587	Entrez Protein	AAO54374
PHI:588	Entrez Protein	AAO55623
PHI:589	Entrez Protein	AAZ38061
PHI:590	Entrez Protein	AAZ38005
PHI:591	Entrez Protein	AAK51698
PHI:591	Entrez Protein	AAK51698
PHI:593	Entrez Protein	ABG79929
PHI:593	Entrez Protein	ABG79929
PHI:594	Entrez Protein	AAB88887
PHI:595	Entrez Protein	AAZ95011
PHI:597	Entrez Protein	AAP40632
PHI:598	Entrez Protein	ABB55459
PHI:599	Entrez Protein	ABD49452
PHI:600	Entrez Protein	AAF63734
PHI:600	NULL	AAU11489
PHI:601	Entrez Protein	AAL20303
PHI:602	Entrez Protein	AAL20314
PHI:603	Entrez Protein	AAL20312
PHI:604	Entrez Protein	AAO68905
PHI:605	Entrez Protein	AAO68906
PHI:606	Entrez Protein	AAO68907
PHI:607	Entrez Protein	AAL20318
PHI:608	Entrez Protein	AAO68934
PHI:609	Entrez Protein	AAO68047
PHI:610	Entrez Protein	AAO68933
PHI:611	Entrez Protein	AAL20305
PHI:612	Entrez Protein	AAL20306
PHI:613	Entrez Protein	AAL20318
PHI:614	Entrez Protein	AAO68915
PHI:615	Entrez Protein	AAO68916
PHI:616	Entrez Protein	AAO68047
PHI:617	Entrez Protein	AAO68921
PHI:618	Entrez Protein	AAO68923
PHI:619	Entrez Protein	AAO68928
PHI:620	Entrez Protein	AAO68929
PHI:621	Entrez Protein	AAL20335
PHI:622	Entrez Protein	AAO68932
PHI:623	Entrez Protein	AAO68933
PHI:624	Entrez Protein	AAO68935
PHI:625	Entrez Protein	AAO68937
PHI:626	Entrez Protein	AAO68938
PHI:627	Entrez Protein	AAO68939
PHI:628	Entrez Protein	AAO68940
PHI:629	Entrez Protein	AAO68941
PHI:630	Entrez Protein	AAO68942
PHI:631	Entrez Protein	AAL21747
PHI:632	Entrez Protein	AAO70334
PHI:633	Entrez Protein	AAO70335
PHI:634	Entrez Protein	AAO70337
PHI:634	Entrez Protein	AAO70337
PHI:634	Entrez Protein	AAO70337
PHI:635	Entrez Protein	AAL21755
PHI:636	Entrez Protein	AAO70340
PHI:637	Entrez Protein	AAO70345
PHI:638	Entrez Protein	AAO70348
PHI:639	Entrez Protein	AAL21766
PHI:640	Entrez Protein	AAO70350
PHI:641	Entrez Protein	AAO70351
PHI:642	Entrez Protein	AAO70353
PHI:643	Entrez Protein	AAO70354
PHI:644	Entrez Protein	AAL21773
PHI:645	Entrez Protein	AAL21774
PHI:646	Entrez Protein	AAL21775
PHI:647	Entrez Protein	AAO70359
PHI:648	Entrez Protein	AAO70360
PHI:649	Entrez Protein	AAO70361
PHI:650	Entrez Protein	ABG25558
PHI:651	Entrez Protein	ABG25559
PHI:652	Entrez Protein	AAL11720
PHI:653	Entrez Protein	AAL11721
PHI:654	Entrez Protein	AAT00500
PHI:655	Entrez Protein	AAT00501
PHI:656	Entrez Protein	AAN31500
PHI:656	Entrez Protein	AAN31500
PHI:656	Entrez Protein	AAN31500
PHI:657	Entrez Protein	AAN31502
PHI:657	Entrez Protein	AAN31502
PHI:657	Entrez Protein	AAN31502
PHI:658	Entrez Protein	AAM48170
PHI:659	Entrez Protein	AAR05401
PHI:660	Entrez Protein	CAA65843
PHI:661	Entrez Protein	AAL20319
PHI:662	Entrez Protein	AAL23532
PHI:663	Entrez Protein	AAL23530
PHI:664	Entrez Protein	AAD53944
PHI:664	NULL	AAD53945
PHI:664	NULL	AAD53946
PHI:665	Entrez Protein	AAK63068
PHI:665	Entrez Protein	AAK63068
PHI:666	Entrez Protein	AAK19753
PHI:666	Entrez Protein	AAK19753
PHI:666	Entrez Protein	AAK19753
PHI:667	Entrez Protein	AAP41066
PHI:667	Entrez Protein	AAP41066
PHI:667	Entrez Protein	AAP41066
PHI:667	Entrez Protein	AAP41066
PHI:668	Entrez Protein	AAP41027
PHI:668	Entrez Protein	AAP41027
PHI:668	Entrez Protein	AAP41027
PHI:669	Entrez Protein	AAG25675
PHI:670	Entrez Protein	AAL58092
PHI:671	Entrez Protein	AAL58091
PHI:672	Entrez Protein	AAL35099
PHI:673	Entrez Protein	AAZ30050
PHI:674	Entrez Protein	AAZ30051
PHI:674	Entrez Protein	AAZ30051
PHI:675	Entrez Protein	AAW45289
PHI:675	Entrez Protein	AAW45289
PHI:676	Entrez Protein	AAN75173
PHI:676	Entrez Protein	AAN75173
PHI:676	Entrez Protein	AAN75173
PHI:677	Entrez Protein	AAL58841
PHI:677	Entrez Protein	AAL58841
PHI:678	Entrez Protein	AAG48305
PHI:678	Entrez Protein	AAG48305
PHI:679	Entrez Protein	AAG48308
PHI:679	Entrez Protein	AAG48308
PHI:680	Entrez Protein	AAL58842
PHI:681	Entrez Protein	ABF18931
PHI:683	Entrez Protein	ABF69301
PHI:685	PDB	1YBV
PHI:686	Entrez Protein	EAA52507
PHI:687	Entrez Protein	AAA33076
PHI:690	Entrez Protein	AAC49521
PHI:690	Entrez Protein	AAC49521
PHI:693	Entrez Protein	AAX55972
PHI:694	Entrez Protein	AAS92520
PHI:695	Entrez Protein	AAM33130
PHI:696	Entrez Protein	AAM92143
PHI:696	Entrez Protein	AAM92143
PHI:697	Entrez Protein	AAM81358
PHI:697	Entrez Protein	AAM81358
PHI:698	Entrez Protein	AAF94614
PHI:699	Entrez Protein	AAF94613
PHI:700	Entrez Protein	AAF93991
PHI:701	Entrez Protein	AAF94145
PHI:702	Entrez Protein	AAC63504
PHI:703	Entrez Protein	AAF93418
PHI:704	Entrez Protein	AAF93520
PHI:707	Entrez Protein	AAF93799
PHI:708	Entrez Protein	AAF94180
PHI:709	Entrez Protein	AAD50301
PHI:710	Entrez Protein	AAK57702
PHI:711	Entrez Protein	AAD31382
PHI:713	Entrez Protein	ABB90282
PHI:713	Entrez Protein	ABB90282
PHI:714	Entrez Protein	ABB90283
PHI:714	Entrez Protein	ABB90283
PHI:714	Entrez Protein	ABB90283
PHI:715	Entrez Protein	EAA67238
PHI:716	Entrez Protein	ABB90284
PHI:718	Entrez Protein	AAS57291
PHI:723	Uniprot	FGSG_03340 
PHI:724	NULL	FGSG_07226
PHI:725	Entrez Protein	AAS57295
PHI:726	Entrez Protein	AAS57292
PHI:728	Entrez Protein	AAS57290
PHI:729	Entrez Protein	AAS57287
PHI:731	Entrez Protein	AAX55652
PHI:731	NULL	EAA68366
PHI:734	Entrez Protein	BAE98264
PHI:734	Entrez Protein	BAE98264
PHI:736	Entrez Protein	AAS20192
PHI:736	Entrez Protein	AAS20192
PHI:736	Entrez Protein	AAS20192
PHI:736	Entrez Protein	AAS20192
PHI:737	Entrez Protein	ABK64181
PHI:739	Entrez Protein	AAX49357
PHI:740	Entrez Protein	ABB43265
PHI:741	Entrez Protein	ABB43267
PHI:746	NULL	um10115
PHI:758	Entrez Protein	ABH03483
PHI:759	Entrez Protein	ABH03482
PHI:760	Entrez Protein	AAB49807
PHI:761	Entrez Protein	AAB49807
PHI:762	Entrez Protein	AAU10320
PHI:763	Entrez Protein	AAU10320
PHI:764	Entrez Protein	AAB94815
PHI:765	Entrez Protein	AAB94815
PHI:769	NULL	CAC50073 
PHI:770	Entrez Protein	AAA67706
PHI:772	Entrez Protein	EDK04805
PHI:773	Entrez Protein	EDJ98555
PHI:774	Entrez Protein	EDJ97946
PHI:775	Entrez Protein	EDJ95622
PHI:776	Entrez Protein	EDK02656
PHI:777	Entrez Protein	EDK02450
PHI:778	NULL	MGG_04138
PHI:779	NULL	MGG_11107
PHI:780	Entrez Protein	EDK01822
PHI:781	Entrez Protein	EDK03302
PHI:782	Entrez Protein	EDJ98620
PHI:783	Entrez Protein	EDJ99464
PHI:784	Entrez Protein	EDK03390
PHI:785	Entrez Protein	EDJ99431
PHI:786	Entrez Protein	EDK05615
PHI:787	Entrez Protein	EDK01822
PHI:788	Entrez Protein	EDJ97918
PHI:789	NULL	EDJ99418 
PHI:790	NULL	EDK03989 
PHI:791	Entrez Protein	EDJ98555
PHI:792	Entrez Protein	EDJ97946
PHI:793	Entrez Protein	EDK06019
PHI:794	Entrez Protein	EDJ95622
PHI:795	Entrez Protein	EDJ94656
PHI:796	Entrez Protein	EDJ98620
PHI:797	Entrez Protein	EDK04805
PHI:798	NULL	EDJ98944 
PHI:799	Entrez Protein	EDJ94565
PHI:800	Entrez Protein	EDK00897
PHI:801	Entrez Protein	EDJ95977
PHI:802	Entrez Protein	EDK02656
PHI:803	Entrez Protein	EDJ95969
PHI:804	Entrez Protein	EDJ94907
PHI:805	Entrez Protein	EDK03309
PHI:806	Entrez Protein	EDJ99440
PHI:807	Entrez Protein	EDJ98115
PHI:808	Entrez Protein	EDK01822
PHI:809	Entrez Protein	EDK03917
PHI:810	Entrez Protein	EDJ98604
PHI:811	Entrez Protein	EDK06580
PHI:812	NULL	EDJ94108 
PHI:813	NULL	EDK05635 
PHI:814	Entrez Protein	EDJ97570
PHI:815	Entrez Protein	EDJ95941
PHI:816	Entrez Protein	EDJ95999
PHI:817	Entrez Protein	EDK03444
PHI:818	Entrez Protein	EDK02646
PHI:819	Entrez Protein	EDK03750
PHI:820	Entrez Protein	AAA34230
PHI:821	Entrez Protein	AAP40265
PHI:822	Entrez Protein	AAB97419
PHI:823	Entrez Protein	CAA56936
PHI:824	Entrez Protein	BAC98434
PHI:825	Entrez Protein	AAQ18216
PHI:826	Entrez Protein	AAZ08563
PHI:828	Entrez Protein	AAS60234
PHI:829	Entrez Protein	AAS60234
PHI:830	Entrez Protein	ABD48706
PHI:831	Entrez Protein	CAA80454
PHI:832	Entrez Protein	CAA78959
PHI:835	Entrez Protein	AAP81933
PHI:836	Entrez Protein	AAK26622
PHI:837	Entrez Protein	AAL30826
PHI:838	Entrez Protein	ABO93363
PHI:839	Entrez Protein	ABO93364
PHI:840	Entrez Protein	ABO93365
PHI:841	Entrez Protein	ABO93366
PHI:842	Entrez Protein	ABO93367
PHI:843	Entrez Protein	ABO93368
PHI:844	Entrez Protein	ABO93369
PHI:845	Entrez Protein	ABO93370
PHI:846	Entrez Protein	ABO93371
PHI:847	NULL	BAD26622 
PHI:848	NULL	BAD26642 
PHI:849	Entrez Protein	BAC98438
PHI:850	Entrez Protein	BAC98437
PHI:851	Entrez Protein	BAC98436
PHI:852	Entrez Protein	BAC98435
PHI:853	Entrez Protein	EAK83313
PHI:854	Entrez Protein	EAK82380
PHI:855	NULL	um10672
PHI:856	Entrez Protein	EAL02391
PHI:857	Entrez Protein	EAL01707
PHI:858	Entrez Protein	ABS01490
PHI:859	Entrez Protein	ABS01491
PHI:860	Entrez Protein	AAX07670
PHI:860	Entrez Protein	AAX07670
PHI:862	Entrez Protein	BAE66713
PHI:864	Entrez Protein	ABJ98717
PHI:867	Entrez Protein	ABN41482
PHI:868	Entrez Protein	CAD30840
PHI:871	Entrez Protein	EDK01997
PHI:872	NULL	EDK00201 
PHI:873	NULL	EDJ98595 
PHI:874	Entrez Protein	EDK02952
PHI:875	Entrez Protein	EDK05593
PHI:876	Entrez Protein	EDK03349
PHI:877	Entrez Protein	EDK03005
PHI:878	Entrez Protein	EDJ99365
PHI:879	Entrez Protein	EDK06138
PHI:880	Entrez Protein	EDK03883
PHI:881	Entrez Protein	EDJ96020
PHI:882	Entrez Protein	EDJ95433
PHI:883	Entrez Protein	EDJ97072
PHI:884	Entrez Protein	EDK01591
PHI:885	Entrez Protein	EDJ98842
PHI:886	Entrez Protein	EDK06087
PHI:887	Entrez Protein	EDJ95219
PHI:888	Entrez Protein	EDK04578
PHI:889	Entrez Protein	EDJ97928
PHI:890	Entrez Protein	EDJ98043
PHI:891	Entrez Protein	EDK04531
PHI:892	Entrez Protein	EDJ95842
PHI:893	Entrez Protein	EDK01543
PHI:902	NULL	um12173
PHI:911	NULL	um11451
PHI:913	NULL	um11416
PHI:916	NULL	um11417
PHI:920	NULL	um10403
PHI:963	Entrez Protein	AAA25725
PHI:964	Entrez Protein	AAA25726
PHI:965	Entrez Protein	AAA88428
PHI:966	Entrez Protein	AAA83419
PHI:967	Entrez Protein	AAF71496
PHI:968	Entrez Protein	AAX12108
PHI:969	Entrez Protein	AAB53624
PHI:970	Entrez Protein	AAB53624
PHI:971	Entrez Protein	AAB53625
PHI:972	Entrez Protein	AAB53625
PHI:973	Entrez Protein	AAC43431
PHI:973	Entrez Protein	AAC43431
PHI:974	Entrez Protein	AAA25728
PHI:975	Entrez Protein	AAO57459
PHI:976	Entrez Protein	AAY39946
PHI:977	Entrez Protein	CAA48009
PHI:978	Entrez Protein	AAB51082
PHI:979	Entrez Protein	AAA71943
PHI:979	Entrez Protein	AAA71943
PHI:979	Entrez Protein	AAA71943
PHI:980	Entrez Protein	AAF71481
PHI:981	NULL	AAL84247 
PHI:981	NULL	AAL84247 
PHI:982	Entrez Protein	AAO54897
PHI:982	Entrez Protein	AAO54897
PHI:983	Entrez Protein	AAO54892
PHI:983	Entrez Protein	AAO54892
PHI:984	Entrez Protein	AAL84260
PHI:985	Entrez Protein	CAA11940
PHI:986	Entrez Protein	AAN52341
PHI:987	Entrez Protein	AAO54894
PHI:988	Entrez Protein	AAO58156
PHI:989	Entrez Protein	AAD47203
PHI:989	Entrez Protein	AAD47203
PHI:990	NULL	AAL71883 
PHI:991	Entrez Protein	CAA59280
PHI:992	Entrez Protein	AAO58160
PHI:992	Entrez Protein	AAO58160
PHI:992	Entrez Protein	AAO58160
PHI:993	Entrez Protein	AAA25727
PHI:994	Entrez Protein	AAQ24627
PHI:994	Entrez Protein	AAQ24627
PHI:995	Entrez Protein	DAA00391
PHI:995	Entrez Protein	DAA00391
PHI:996	Entrez Protein	AAF71492
PHI:996	Entrez Protein	AAF71492
PHI:997	Entrez Protein	AAY36237
PHI:997	Entrez Protein	AAY36237
PHI:998	Entrez Protein	AAY36240
PHI:998	Entrez Protein	AAY36240
PHI:999	Entrez Protein	AAY39686
PHI:999	Entrez Protein	AAY39686
PHI:1000	Entrez Protein	AAF67149
PHI:1001	Entrez Protein	AAC97882
PHI:1003	Entrez Gene	FG09903
PHI:1008	NULL	ABI51982  
PHI:1009	NULL	ABI51983  
PHI:1010	Entrez Nucleotide	XM_385547
PHI:1016	Uniprot	FG05484
PHI:1016	Uniprot	FG05484
PHI:1019	Entrez Protein	AAC97882
PHI:1021	Entrez Protein	ABR12478
PHI:1022	Entrez Protein	ABN41464
PHI:1023	Entrez Protein	CAP12516
PHI:1023	Entrez Protein	CAP12516
PHI:1024	Entrez Protein	CAP12517
PHI:1024	Entrez Protein	CAP12517
PHI:1025	Entrez Protein	CAP12326
PHI:1026	Entrez Protein	AAB39564
PHI:1027	Entrez Protein	AAC64374
PHI:1027	Entrez Protein	AAC64374
PHI:1027	Entrez Protein	AAC64374
PHI:1027	Entrez Protein	AAC64374
PHI:1027	Entrez Protein	AAC64374
PHI:1027	Entrez Protein	AAC64374
PHI:1028	Entrez Protein	CAC29255
PHI:1028	Entrez Protein	CAC29255
PHI:1028	Entrez Protein	CAC29255
PHI:1028	Entrez Protein	CAC29255
PHI:1028	Entrez Protein	CAC29255
PHI:1028	Entrez Protein	CAC29255
PHI:1028	Entrez Protein	CAC29255
PHI:1028	Entrez Protein	CAC29255
PHI:1028	Entrez Protein	CAC29255
PHI:1029	Entrez Protein	CAD21438
PHI:1029	Entrez Protein	CAD21438
PHI:1029	Entrez Protein	CAD21438
PHI:1029	Entrez Protein	CAD21438
PHI:1030	Entrez Protein	CAA93142
PHI:1030	Entrez Protein	CAA93142
PHI:1030	Entrez Protein	CAA93142
PHI:1031	Entrez Protein	CAJ85638
PHI:1032	Entrez Protein	ABJ51957
PHI:1032	Entrez Protein	ABJ51957
PHI:1032	Entrez Protein	ABJ51957
PHI:1034	Entrez Protein	CAA04716
PHI:1035	Entrez Protein	CAP12327
PHI:1036	Entrez Protein	CAO82105
PHI:1037	Entrez Protein	CAO82106
PHI:1038	Entrez Protein	CAM56211
PHI:1039	Entrez Protein	CAM56211
PHI:1040	Entrez Nucleotide	AM905386.2
PHI:1041	Entrez Nucleotide	AM933613
PHI:1046	Entrez Protein	ABK64182
PHI:1047	Entrez Protein	ABK64183
PHI:1048	Entrez Protein	ABK64184
PHI:1049	Entrez Protein	ABK64180
PHI:1050	Entrez Protein	ABK64185
PHI:1051	Entrez Protein	ABC79591
PHI:1052	Entrez Protein	ACB38886
PHI:1053	NULL	AY7000094
PHI:1054	Entrez Protein	AAL23717
PHI:1055	Entrez Protein	AAL23718
PHI:1056	Entrez Protein	AAL23719
PHI:1057	Entrez Protein	ABP98949
PHI:1057	Entrez Protein	ABP98949
PHI:1058	Entrez Protein	ABF48563
PHI:1061	Entrez Protein	ABK60346
PHI:1063	Entrez Protein	ABB30152
PHI:1063	Entrez Protein	ABB30152
PHI:1064	Entrez Protein	AAN46744
PHI:1070	Entrez Protein	ABX79379
PHI:1071	Entrez Protein	CAF05793
PHI:1072	Entrez Protein	ACR82519
PHI:1073	NULL	ACS91346      
PHI:1074	NULL	ACS34772  
PHI:1075	NULL	ACS29558     
PHI:1076	NULL	ACS91347  
PHI:1082	Entrez Protein	ABD59786
PHI:1083	Entrez Protein	ABD59787
PHI:1085	Entrez Protein	AAO31597
PHI:1099	Entrez Protein	AAX14688
PHI:1100	Entrez Protein	AAX14688
PHI:1109	Entrez Protein	AAT77182
PHI:1110	Entrez Protein	BAA02707
PHI:1111	Entrez Protein	um10117
PHI:1112	Entrez Protein	um02840
PHI:1113	Entrez Protein	AAT77184
PHI:1114	Entrez Protein	EAK84434
PHI:1115	Entrez Protein	um10718
PHI:1116	Entrez Protein	um10367
PHI:1117	Uniprot	4P8W4
PHI:1118	Entrez Protein	um00774
PHI:1119	Entrez Nucleotide	AF463452
PHI:1131	Entrez Protein	CAJ90695
PHI:1132	Entrez Protein	CAQ53119
PHI:1133	Entrez Nucleotide	AM941452
PHI:1134	Entrez Nucleotide	EU266496
PHI:1135	Entrez Nucleotide	GQ183869
PHI:1136	Entrez Protein	ACD57936
PHI:1137	Entrez Protein	ACD57937
PHI:1138	Entrez Protein	ACD60245
PHI:1139	Entrez Protein	ACD60244
PHI:1140	Entrez Protein	ACD57929
PHI:1141	Entrez Protein	ACD57930
PHI:1142	Entrez Protein	ACD60904
PHI:1143	Entrez Protein	ACD57928
PHI:1144	Entrez Protein	ACD61380
PHI:1145	Entrez Protein	ACD61379
PHI:1146	Entrez Protein	ACD57244
PHI:1147	Entrez Protein	AAV33131
PHI:1148	Entrez Protein	CAU66903
PHI:1149	Entrez Nucleotide	FJ196447
PHI:1150	Entrez Nucleotide	FJ196450
PHI:1151	Entrez Nucleotide	FJ196448
PHI:1152	Entrez Nucleotide	FJ196453
PHI:1153	Entrez Nucleotide	FJ196452
PHI:1154	Entrez Nucleotide	FJ196451
PHI:1155	Entrez Nucleotide	FJ196455
PHI:1156	Entrez Nucleotide	FJ196454
PHI:1157	NULL	FJ196457 
PHI:1158	Entrez Nucleotide	FJ196456
PHI:1159	Entrez Nucleotide	EF062310
PHI:1160	Entrez Protein	CAB52402
PHI:1191	NULL	FGSG_05484
PHI:1217	Uniprot	1S4P4
PHI:1230	NULL	FGSG_06959
PHI:1532	NULL	FGSG_07458
PHI:1583	NULL	FGSG_06777
PHI:1594	NULL	FGSG_08761
PHI:1626	Uniprot	FGSG_00902
PHI:1639	NULL	FGSG_05520
PHI:1794	NULL	FGSG_08626
PHI:1829	NULL	FGSG_10627
PHI:1962	NULL	FGSG_01562
PHI:2002	Entrez Protein	EDK00306
PHI:2002	Entrez Protein	EDK00306
PHI:2002	Entrez Protein	EDK00306
PHI:2002	Entrez Protein	EDK00306
PHI:2003	Entrez Protein	EDK04728
PHI:2003	Entrez Protein	EDK04728
PHI:2003	Entrez Protein	EDK04728
PHI:2004	Entrez Protein	EDJ98032
PHI:2004	Entrez Protein	EDJ98032
PHI:2005	Entrez Protein	EDK04649
PHI:2005	Entrez Protein	EDK04649
PHI:2006	Entrez Protein	EDJ98541
PHI:2007	Entrez Protein	EDK06449
PHI:2008	Entrez Protein	EDJ98541
PHI:2009	Entrez Protein	EDK06449
PHI:2010	Entrez Protein	EDK02244
PHI:2011	NULL	EDJ9334
PHI:2012	Entrez Protein	EDK02244
PHI:2013	NULL	EDJ9334
PHI:2016	Entrez Protein	MGG_01099
PHI:2016	Entrez Protein	MGG_01099
PHI:2017	Entrez Protein	MGG_01215
PHI:2017	Entrez Protein	MGG_01215
PHI:2017	Entrez Protein	MGG_01215
PHI:2018	Entrez Protein	MGG_05332
PHI:2019	Entrez Protein	MGG_08315
PHI:2020	Entrez Protein	XP_759427
PHI:2020	Entrez Protein	XP_759427
PHI:2020	Entrez Protein	XP_759427
PHI:2020	Entrez Protein	XP_759427
PHI:2020	Entrez Protein	XP_759427
PHI:2021	Entrez Protein	MGG_06564
PHI:2022	Entrez Protein	MGG_02252
PHI:2022	Entrez Protein	MGG_02252
PHI:2031	Entrez Gene	MG09880.4
PHI:2031	Entrez Gene	MG09880.4
PHI:2035	Entrez Nucleotide	DQ224381
PHI:2035	Entrez Nucleotide	DQ224381
PHI:2035	Entrez Nucleotide	DQ224381
PHI:2035	Entrez Nucleotide	DQ224381
PHI:2036	Entrez Nucleotide	DQ335135
PHI:2037	Entrez Protein	XP_001405357
PHI:2037	Entrez Protein	XP_001405357
PHI:2037	Entrez Protein	XP_001405357
PHI:2037	Entrez Protein	XP_001405357
PHI:2037	Entrez Protein	XP_001405357
PHI:2037	Entrez Protein	XP_001405357
PHI:2037	Entrez Protein	XP_001405357
PHI:2037	Entrez Protein	XP_001405357
PHI:2037	Entrez Protein	XP_001405357
PHI:2037	Entrez Protein	XP_001405357
PHI:2037	Entrez Protein	XP_001405357
PHI:2037	Entrez Protein	XP_001405357
PHI:2037	Entrez Protein	XP_001405357
PHI:2037	Entrez Protein	XP_001405357
PHI:2037	Entrez Protein	XP_001405357
PHI:2037	Entrez Protein	XP_001405357
PHI:2037	Entrez Protein	XP_001405357
PHI:2037	Entrez Protein	XP_001405357
PHI:2038	Entrez Protein	MGG_02370
PHI:2038	Entrez Protein	MGG_02370
PHI:2038	Entrez Protein	MGG_02370
PHI:2039	Entrez Nucleotide	DQ985585
PHI:2039	Entrez Nucleotide	DQ985585
PHI:2040	NULL	ACH58563 
PHI:2041	Entrez Nucleotide	AF463528.1
PHI:2041	Entrez Nucleotide	AF463528.1
PHI:2042	Entrez Nucleotide	DQ156556
PHI:2042	Entrez Nucleotide	DQ156556
PHI:2042	Entrez Nucleotide	DQ156556
PHI:2043	Entrez Nucleotide	AY124591
PHI:2044	Entrez Protein	XP_362263
PHI:2044	Entrez Protein	XP_362263
PHI:2044	Entrez Protein	XP_362263
PHI:2044	Entrez Protein	XP_362263
PHI:2045	Entrez Protein	XP_001413674
PHI:2045	Entrez Protein	XP_001413674
PHI:2045	Entrez Protein	XP_001413674
PHI:2045	Entrez Protein	XP_001413674
PHI:2046	Entrez Protein	XP_369431.2
PHI:2046	Entrez Protein	XP_369431.2
PHI:2047	Entrez Protein	EAA49142
PHI:2048	Entrez Protein	MGG_05133
PHI:2049	Entrez Protein	ABY26907.1
PHI:2049	Entrez Protein	ABY26907.1
PHI:2050	Entrez Nucleotide	BK005770.1
PHI:2050	Entrez Nucleotide	BK005770.1
PHI:2051	Entrez Protein	MGG_03977
PHI:2051	Entrez Protein	MGG_03977
PHI:2052	Entrez Nucleotide	AF250928
PHI:2052	Entrez Nucleotide	AF250928
PHI:2052	Entrez Nucleotide	AF250928
PHI:2052	Entrez Nucleotide	AF250928
PHI:2053	Entrez Nucleotide	AB218802
PHI:2053	Entrez Nucleotide	AB218802
PHI:2053	Entrez Nucleotide	AB218802
PHI:2054	Entrez Nucleotide	EF060241
PHI:2054	Entrez Nucleotide	EF060241
PHI:2054	Entrez Nucleotide	EF060241
PHI:2054	Entrez Nucleotide	EF060241
PHI:2055	Entrez Nucleotide	DQ028305
PHI:2056	Entrez Gene	MGG_03046
PHI:2057	Entrez Nucleotide	AF098645
PHI:2058	Entrez Protein	ABS87374
PHI:2058	Entrez Protein	ABS87374
PHI:2058	Entrez Protein	ABS87374
PHI:2059	Entrez Nucleotide	XM_359644.1
PHI:2059	Entrez Nucleotide	XM_359644.1
PHI:2060	Entrez Nucleotide	AB353135
PHI:2060	Entrez Nucleotide	AB353135
PHI:2061	Entrez Protein	XP_368182
PHI:2061	Entrez Protein	XP_368182
PHI:2062	Entrez Protein	XP_363893
PHI:2062	Entrez Protein	XP_363893
PHI:2067	Entrez Protein	MGG_00937
PHI:2068	Entrez Protein	XP_361689
PHI:2068	Entrez Protein	XP_361689
PHI:2068	Entrez Protein	XP_361689
PHI:2068	Entrez Protein	XP_361689
PHI:2069	Entrez Protein	MGG_06393
PHI:2070	Entrez Protein	MGG_05998
PHI:2071	Entrez Protein	MGG_02959
PHI:2072	Entrez Protein	MGG_03580
PHI:2073	Entrez Protein	MGG_09262
PHI:2074	Entrez Protein	MGG_03694
PHI:2075	Entrez Protein	MGG_07297
PHI:2076	Entrez Protein	MGG_01062
PHI:2077	Entrez Protein	MGG_09559
PHI:2078	Entrez Protein	MGG_14737
PHI:2079	Entrez Protein	MGG_00598
PHI:2080	Entrez Protein	MGG_00454
PHI:2081	Entrez Protein	MGG_12828
PHI:2082	Entrez Protein	MGG_05255
PHI:2083	Entrez Protein	MGG_07667
PHI:2084	Entrez Protein	MGG_03139
PHI:2085	Entrez Protein	MGG_04486
PHI:2086	Entrez Protein	MGG_03638
PHI:2087	Entrez Protein	MGG_03459
PHI:2088	Entrez Protein	MGG_02386
PHI:2089	Entrez Protein	MGG_08061
PHI:2090	Entrez Protein	MGG_02790
PHI:2091	Entrez Nucleotide	EF486491
PHI:2091	Entrez Nucleotide	EF486491
PHI:2092	Entrez Protein	MGG_05643
PHI:2092	Entrez Protein	MGG_05643
PHI:2092	Entrez Protein	MGG_05643
PHI:2093	Entrez Protein	MGG_12128
PHI:2093	Entrez Protein	MGG_12128
PHI:2093	Entrez Protein	MGG_12128
PHI:2094	Entrez Protein	MGG_09828
PHI:2094	Entrez Protein	MGG_09828
PHI:2094	Entrez Protein	MGG_09828
PHI:2095	Entrez Protein	MGG_10730
PHI:2095	Entrez Protein	MGG_10730
PHI:2095	Entrez Protein	MGG_10730
PHI:2096	Entrez Protein	MGG_02074
PHI:2096	Entrez Protein	MGG_02074
PHI:2096	Entrez Protein	MGG_02074
PHI:2097	Entrez Protein	MGG_04066
PHI:2097	Entrez Protein	MGG_04066
PHI:2097	Entrez Protein	MGG_04066
PHI:2098	Entrez Protein	MGG_05078
PHI:2098	Entrez Protein	MGG_05078
PHI:2098	Entrez Protein	MGG_05078
PHI:2099	Entrez Protein	MGG_07971
PHI:2099	Entrez Protein	MGG_07971
PHI:2099	Entrez Protein	MGG_07971
PHI:2100	Entrez Protein	MGG_12005
PHI:2100	Entrez Protein	MGG_12005
PHI:2100	Entrez Protein	MGG_12005
PHI:2101	Entrez Protein	MGG_11454
PHI:2101	Entrez Protein	MGG_11454
PHI:2101	Entrez Protein	MGG_11454
PHI:2102	Entrez Gene	MGG_01193
PHI:2102	Entrez Gene	MGG_01193
PHI:2102	Entrez Gene	MGG_01193
PHI:2103	Entrez Protein	MGG_08710
PHI:2103	Entrez Protein	MGG_08710
PHI:2103	Entrez Protein	MGG_08710
PHI:2104	Entrez Protein	MGG_04159
PHI:2104	Entrez Protein	MGG_04159
PHI:2104	Entrez Protein	MGG_04159
PHI:2105	Entrez Protein	MGG_01381
PHI:2105	Entrez Protein	MGG_01381
PHI:2105	Entrez Protein	MGG_01381
PHI:2106	Entrez Protein	MGG_05332
PHI:2106	Entrez Protein	MGG_05332
PHI:2106	Entrez Protein	MGG_05332
PHI:2107	Entrez Protein	MGG_05905
PHI:2107	Entrez Protein	MGG_05905
PHI:2107	Entrez Protein	MGG_05905
PHI:2108	Entrez Protein	MGG_06884
PHI:2108	Entrez Protein	MGG_06884
PHI:2108	Entrez Protein	MGG_06884
PHI:2109	Entrez Protein	MGG_06933
PHI:2109	Entrez Protein	MGG_06933
PHI:2109	Entrez Protein	MGG_06933
PHI:2110	Entrez Protein	MGG_07456
PHI:2110	Entrez Protein	MGG_07456
PHI:2110	Entrez Protein	MGG_07456
PHI:2111	Entrez Gene	MGG_00925
PHI:2111	Entrez Gene	MGG_00925
PHI:2111	Entrez Gene	MGG_00925
PHI:2112	Entrez Protein	MGG_06421
PHI:2112	Entrez Protein	MGG_06421
PHI:2112	Entrez Protein	MGG_06421
PHI:2113	Entrez Protein	MGG_01196
PHI:2113	Entrez Protein	MGG_01196
PHI:2113	Entrez Protein	MGG_01196
PHI:2114	Entrez Protein	MGG_01607
PHI:2114	Entrez Protein	MGG_01607
PHI:2114	Entrez Protein	MGG_01607
PHI:2115	Entrez Protein	MGG_06847
PHI:2115	Entrez Protein	MGG_06847
PHI:2115	Entrez Protein	MGG_06847
PHI:2116	Entrez Nucleotide	EU935590
PHI:2118	Entrez Protein	MGG_05344
PHI:2119	Entrez Protein	MGG_14847
PHI:2120	Entrez Protein	MGG_00800
PHI:2121	Entrez Protein	MGG_05199
PHI:2122	Entrez Protein	MGG_12958
PHI:2128	Entrez Protein	MGG_04853
PHI:2129	Entrez Protein	MGG_11712
PHI:2130	Entrez Protein	MGG_06285
PHI:2131	Entrez Protein	MGG_12865
PHI:2132	Entrez Protein	MGG_12958
PHI:2133	Entrez Protein	MGG_01730
PHI:2134	Entrez Protein	MGG_07437
PHI:2138	Entrez Protein	XP_368148
PHI:2138	Entrez Protein	XP_368148
PHI:2138	Entrez Protein	XP_368148
PHI:2139	NULL	ACJ06588 
PHI:2139	NULL	ACJ06588 
PHI:2139	NULL	ACJ06588 
PHI:2140	Entrez Protein	XP_001907727.1
PHI:2141	Entrez Protein	XP_001406795
PHI:2142	Entrez Protein	XP_001408783
PHI:2142	Entrez Protein	XP_001408783
PHI:2147	Entrez Protein	EHA46510.1
PHI:2148	Entrez Protein	EHA52010
PHI:2149	Entrez Protein	MGG_01057
PHI:2149	Entrez Protein	MGG_01057
PHI:2149	Entrez Protein	MGG_01057
PHI:2149	Entrez Protein	MGG_01057
PHI:2153	Entrez Protein	MGG_07460
PHI:2153	Entrez Protein	MGG_07460
PHI:2154	Entrez Protein	MGG_02741
PHI:2156	Entrez Protein	MGG_08212
PHI:2158	Entrez Protein	EU 984498
PHI:2159	Entrez Protein	MGG_06033
PHI:2159	Entrez Protein	MGG_06033
PHI:2159	Entrez Protein	MGG_06033
PHI:2159	Entrez Protein	MGG_06033
PHI:2159	Entrez Protein	MGG_06033
PHI:2159	Entrez Protein	MGG_06033
PHI:2160	Entrez Protein	MGG_09125
PHI:2160	Entrez Protein	MGG_09125
PHI:2160	Entrez Protein	MGG_09125
PHI:2160	Entrez Protein	MGG_09125
PHI:2160	Entrez Protein	MGG_09125
PHI:2160	Entrez Protein	MGG_09125
PHI:2161	Entrez Protein	MGG_04100
PHI:2167	Entrez Protein	EHA52374.1
PHI:2167	Entrez Protein	EHA52374.1
PHI:2168	Entrez Protein	MGG_11346
PHI:2169	Entrez Protein	MGG_06188
PHI:2169	Entrez Protein	MGG_06188
PHI:2170	Entrez Protein	MGG_09312
PHI:2170	Entrez Protein	MGG_09312
PHI:2171	Entrez Gene	MGG_02681
PHI:2171	Entrez Gene	MGG_02681
PHI:2172	Entrez Protein	MGG_03860
PHI:2173	Entrez Protein	MGG_10017
PHI:2174	Entrez Protein	MGG_02860
PHI:2175	Entrez Protein	MGG_09705
PHI:2176	Entrez Protein	MGG_06050
PHI:2177	Entrez Protein	MGG_09299
PHI:2178	NULL	EHA57107.1 
PHI:2179	Entrez Nucleotide	HQ650870
PHI:2180	Entrez Protein	EHA50810.1
PHI:2180	Entrez Protein	EHA50810.1
PHI:2181	Entrez Protein	XP_365782
PHI:2182	Entrez Nucleotide	FJ374666
PHI:2182	Entrez Nucleotide	FJ374666
PHI:2182	Entrez Nucleotide	FJ374666
PHI:2182	Entrez Nucleotide	FJ374666
PHI:2183	Entrez Protein	EHA48040.1
PHI:2184	Entrez Protein	EHA49352
PHI:2185	Entrez Protein	EHA54868
PHI:2185	Entrez Protein	EHA54868
PHI:2186	NULL	EHA49812 
PHI:2186	NULL	EHA49812 
PHI:2187	Entrez Protein	EHA52690.1
PHI:2187	Entrez Protein	EHA52690.1
PHI:2187	Entrez Protein	EHA52690.1
PHI:2187	Entrez Protein	EHA52690.1
PHI:2188	Entrez Protein	EHA46230.1
PHI:2188	Entrez Protein	EHA46230.1
PHI:2188	Entrez Protein	EHA46230.1
PHI:2188	Entrez Protein	EHA46230.1
PHI:2189	Entrez Protein	EHA58228.1
PHI:2189	Entrez Protein	EHA58228.1
PHI:2190	Entrez Protein	EHA58263.1
PHI:2191	Entrez Protein	EHA53720.1
PHI:2192	Entrez Protein	ABC60049
PHI:2192	Entrez Protein	ABC60049
PHI:2192	Entrez Protein	ABC60049
PHI:2193	Entrez Protein	XP_361183
PHI:2194	Entrez Protein	XP_360603
PHI:2195	Entrez Protein	XP_368254
PHI:2195	Entrez Protein	XP_368254
PHI:2195	Entrez Protein	XP_368254
PHI:2196	Entrez Protein	XP_363151
PHI:2197	Entrez Protein	XP_364773
PHI:2198	Entrez Protein	XP_001411659
PHI:2199	Entrez Protein	XP_001405673
PHI:2200	Entrez Protein	EHA55738.1
PHI:2200	Entrez Protein	EHA55738.1
PHI:2201	Entrez Nucleotide	GQ869476
PHI:2201	Entrez Nucleotide	GQ869476
PHI:2202	Entrez Nucleotide	GQ869475
PHI:2202	Entrez Nucleotide	GQ869475
PHI:2203	Entrez Protein	EHA55626.1
PHI:2204	Entrez Protein	MGG_01542
PHI:2204	Entrez Protein	MGG_01542
PHI:2205	Entrez Protein	MGG_01543
PHI:2205	Entrez Protein	MGG_01543
PHI:2206	Entrez Protein	MGG_14243
PHI:2206	Entrez Protein	MGG_14243
PHI:2207	Entrez Protein	MGG_02245
PHI:2207	Entrez Protein	MGG_02245
PHI:2208	Entrez Protein	MGG_05464
PHI:2208	Entrez Protein	MGG_05464
PHI:2209	Entrez Protein	MGG_07868
PHI:2209	Entrez Protein	MGG_07868
PHI:2210	Entrez Protein	MGG_08401
PHI:2210	Entrez Protein	MGG_08401
PHI:2211	Entrez Protein	MGG_08331
PHI:2211	Entrez Protein	MGG_08331
PHI:2212	Entrez Gene	MGG_06593
PHI:2212	Entrez Gene	MGG_06593
PHI:2213	Entrez Protein	MGG_07955
PHI:2213	Entrez Protein	MGG_07955
PHI:2214	Entrez Protein	MGG_08424
PHI:2214	Entrez Protein	MGG_08424
PHI:2215	Entrez Protein	EHA50327.1
PHI:2216	Entrez Nucleotide	EF062504
PHI:2217	Entrez Protein	XP_758134
PHI:2217	Entrez Protein	XP_758134
PHI:2217	Entrez Protein	XP_758134
PHI:2217	Entrez Protein	XP_758134
PHI:2218	Entrez Protein	XP_757288
PHI:2218	Entrez Protein	XP_757288
PHI:2219	Entrez Protein	XP_758565
PHI:2220	Entrez Protein	XP_761690
PHI:2221	Entrez Protein	XP_756627
PHI:2221	Entrez Protein	XP_756627
PHI:2221	Entrez Protein	XP_756627
PHI:2221	Entrez Protein	XP_756627
PHI:2221	Entrez Protein	XP_756627
PHI:2221	Entrez Protein	XP_756627
PHI:2222	Entrez Protein	XP_759303
PHI:2222	Entrez Protein	XP_759303
PHI:2222	Entrez Protein	XP_759303
PHI:2222	Entrez Protein	XP_759303
PHI:2222	Entrez Protein	XP_759303
PHI:2222	Entrez Protein	XP_759303
PHI:2222	Entrez Protein	XP_759303
PHI:2222	Entrez Protein	XP_759303
PHI:2223	Entrez Protein	XP_759848
PHI:2224	Entrez Nucleotide	U07801
PHI:2224	Entrez Nucleotide	U07801
PHI:2225	Entrez Nucleotide	AJ505152
PHI:2225	Entrez Nucleotide	AJ505152
PHI:2226	Entrez Protein	XP_759351
PHI:2226	Entrez Protein	XP_759351
PHI:2226	Entrez Protein	XP_759351
PHI:2226	Entrez Protein	XP_759351
PHI:2227	Entrez Nucleotide	FN689796
PHI:2227	Entrez Nucleotide	FN689796
PHI:2228	Entrez Nucleotide	X88796
PHI:2229	Entrez Protein	XP_759848
PHI:2229	Entrez Protein	XP_759848
PHI:2229	Entrez Protein	XP_759848
PHI:2229	Entrez Protein	XP_759848
PHI:2229	Entrez Protein	XP_759848
PHI:2229	Entrez Protein	XP_759848
PHI:2230	Entrez Nucleotide	AF193614
PHI:2230	Entrez Nucleotide	AF193614
PHI:2230	Entrez Nucleotide	AF193614
PHI:2230	Entrez Nucleotide	AF193614
PHI:2231	Entrez Nucleotide	AJ505152
PHI:2231	Entrez Nucleotide	AJ505152
PHI:2231	Entrez Nucleotide	AJ505152
PHI:2231	Entrez Nucleotide	AJ505152
PHI:2238	NULL	um10957
PHI:2238	NULL	um10957
PHI:2238	NULL	um10957
PHI:2241	NULL	um10146
PHI:2244	Entrez Protein	gi|46099354
PHI:2244	Entrez Protein	gi|46099354
PHI:2246	Entrez Nucleotide	XM_751538.1
PHI:2246	Entrez Nucleotide	XM_751538.1
PHI:2247	Entrez Protein	EAT82552
PHI:2248	Entrez Nucleotide	DQ167577
PHI:2248	Entrez Nucleotide	DQ167577
PHI:2249	Entrez Nucleotide	AY547308
PHI:2250	Entrez Nucleotide	AY327542
PHI:2251	Entrez Nucleotide	AY576607
PHI:2252	Entrez Nucleotide	GQ871928
PHI:2252	Entrez Nucleotide	GQ871928
PHI:2253	Entrez Nucleotide	AF286533
PHI:2253	Entrez Nucleotide	AF286533
PHI:2262	Entrez Nucleotide	DQ900618
PHI:2262	Entrez Nucleotide	DQ900618
PHI:2264	Entrez Nucleotide	FJ823644
PHI:2266	Entrez Nucleotide	AY187281
PHI:2267	Entrez Nucleotide	AY508881
PHI:2268	Entrez Nucleotide	AY847792
PHI:2269	Entrez Nucleotide	AY788902
PHI:2269	Entrez Nucleotide	AY788902
PHI:2270	Entrez Nucleotide	AY547308
PHI:2276	Uniprot	O93976 
PHI:2276	Uniprot	O93976 
PHI:2281	Entrez Nucleotide	AM084345
PHI:2281	Entrez Nucleotide	AM084345
PHI:2286	NULL	AB07871.1
PHI:2287	NULL	AB09132.1
PHI:2288	Entrez Nucleotide	JQ665433
PHI:2289	Entrez Nucleotide	JQ665433
PHI:2291	NULL	A6RNZ1
PHI:2291	NULL	A6RNZ1
PHI:2291	NULL	A6RNZ1
PHI:2291	NULL	A6RNZ1
PHI:2291	NULL	A6RNZ1
PHI:2291	NULL	A6RNZ1
PHI:2292	Entrez Protein	AFUB_022090
PHI:2293	Entrez Protein	AFUB_028740
PHI:2296	NULL	ABW87261.1 
PHI:2297	Entrez Protein	EDP49089.1
PHI:2299	Entrez Nucleotide	JF912404
PHI:2299	Entrez Nucleotide	JF912404
PHI:2300	Entrez Nucleotide	JF912409
PHI:2300	Entrez Nucleotide	JF912409
PHI:2300	Entrez Nucleotide	JF912409
PHI:2300	Entrez Nucleotide	JF912409
PHI:2301	Entrez Nucleotide	EU935590
PHI:2301	Entrez Nucleotide	EU935590
PHI:2302	Entrez Nucleotide	JF912408
PHI:2302	Entrez Nucleotide	JF912408
PHI:2303	Entrez Nucleotide	GQ414506
PHI:2304	Entrez Protein	CAP74387
PHI:2304	Entrez Protein	CAP74387
PHI:2304	Entrez Protein	CAP74387
PHI:2305	Entrez Protein	ABA25866
PHI:2305	Entrez Protein	ABA25866
PHI:2305	Entrez Protein	ABA25866
PHI:2305	Entrez Protein	ABA25866
PHI:2306	Entrez Nucleotide	XM_746454.
PHI:2310	Entrez Nucleotide	JQ665433
PHI:2310	Entrez Nucleotide	JQ665433
PHI:2319	NULL	A6S644
PHI:2328	Uniprot	 I1RIA7
PHI:2335	Entrez Nucleotide	DQ140394
PHI:2335	Entrez Nucleotide	DQ140394
PHI:2346	Uniprot	Q7Z8D0 
PHI:2348	NULL	1RA15
PHI:2350	Uniprot	 I1RTB7
PHI:2350	Uniprot	 I1RTB7
PHI:2351	Entrez Protein	XP_381310
PHI:2351	Entrez Protein	XP_381310
PHI:2351	Entrez Protein	XP_381310
PHI:2352	Entrez Protein	XP_390894
PHI:2352	Entrez Protein	XP_390894
PHI:2352	Entrez Protein	XP_390894
PHI:2353	Entrez Protein	XP_381310
PHI:2353	Entrez Protein	XP_381310
PHI:2353	Entrez Protein	XP_381310
PHI:2354	Entrez Protein	XP_390894
PHI:2354	Entrez Protein	XP_390894
PHI:2354	Entrez Protein	XP_390894
PHI:2355	Entrez Protein	XP_390932
PHI:2355	Entrez Protein	XP_390932
PHI:2355	Entrez Protein	XP_390932
PHI:2362	Uniprot	A8QJI7 
PHI:2364	Uniprot	O93976    
PHI:2364	Uniprot	O93976    
PHI:2366	Uniprot	Q9UVN7 
PHI:2369	NULL	A6S414
PHI:2369	NULL	A6S414
PHI:2369	NULL	A6S414
PHI:2372	NULL	A6RUJ6
PHI:2372	NULL	A6RUJ6
PHI:2372	NULL	A6RUJ6
PHI:2388	Entrez Nucleotide	DQ011663.2
PHI:2388	Entrez Nucleotide	DQ011663.2
PHI:2402	PDB	2LAI
PHI:2402	PDB	2LAI
PHI:2408	Entrez Protein	Fg03951.1
PHI:2408	Entrez Protein	Fg03951.1
PHI:2408	Entrez Protein	Fg03951.1
PHI:2408	Entrez Protein	Fg03951.1
PHI:2409	Entrez Protein	Fg05593.1
PHI:2409	Entrez Protein	Fg05593.1
PHI:2409	Entrez Protein	Fg05593.1
PHI:2409	Entrez Protein	Fg05593.1
PHI:2410	PDB	2LAI
PHI:2410	PDB	2LAI
PHI:2410	PDB	2LAI
PHI:2410	PDB	2LAI
PHI:2424	Entrez Protein	CNAG_00156
PHI:2447	NULL	B0510_6765
PHI:2447	NULL	B0510_6765
PHI:2454	NULL	Um10417
PHI:2455	Uniprot	 J9MZK9
PHI:2483	NULL	A6SEF3
PHI:2483	NULL	A6SEF3
PHI:2485	NULL	A6RT73
PHI:2485	NULL	A6RT73
PHI:2486	NULL	A6S3X7
PHI:2486	NULL	A6S3X7
PHI:2502	Uniprot	I1RM09 
PHI:2504	Uniprot	 Q96UR0
PHI:2505	NULL	AB04090.1
PHI:2506	NULL	G3F820
PHI:2507	NULL	AB10176.1
PHI:2508	NULL	AB02277.1
PHI:2512	Uniprot	Q4WER3 
PHI:2520	Uniprot	Q4WUL6 
PHI:2536	Uniprot	Q59PW0 
PHI:2541	Uniprot	Q5ABE2 
PHI:2548	Entrez Protein	AAB96910.2
PHI:2551	NULL	CNAG_00193.2
PHI:2577	Genbank	ES225905
PHI:2578	Genbank	EE264844
PHI:2579	Genbank	EC389531
PHI:2581	EMBL	um00581
PHI:2582	EMBL	um11510
PHI:2583	EMBL	um02075
PHI:2584	EMBL	um04392
PHI:2589	Uniprot	Q7YZA8 
PHI:2591	GenBank	EU214531
PHI:2598	Genbank	ES225905
PHI:2599	Genbank	EE264844
PHI:2600	Genbank	EC389531
PHI:2602	EMBL	um00581
PHI:2603	EMBL	um11510
PHI:2604	EMBL	um02075
PHI:2605	EMBL	um04392
PHI:2610	Uniprot	Q7YZA8 
PHI:2612	GenBank	EU214531
PHI:2629
PHI:2629
PHI:2686	Uniprot	P08982 
PHI:2695	Uniprot	Q6CZA0 
PHI:2695	Uniprot	Q6CZA0 
PHI:2696	Uniprot	 I1VGT7
PHI:2697	Uniprot	 I1VGT8
PHI:2696	Uniprot	 I1VGT7
PHI:2696	Uniprot	 I1VGT7
PHI:2697	Uniprot	 I1VGT8
PHI:2696	Uniprot	 I1VGT7
PHI:2696	Uniprot	 I1VGT7
PHI:2697	Uniprot	 I1VGT8
PHI:2696	Uniprot	 I1VGT7
PHI:2696	Uniprot	 I1VGT7
PHI:2697	Uniprot	 I1VGT8
PHI:2696	Uniprot	 I1VGT7
PHI:2704	Uniprot	 F6MFB4
PHI:2709	Genbank	GH270297
PHI:2716	NCBI	FG05109.1
PHI:2723	BROAD	BC1G_02386.1
PHI:2724	BROAD	BC1G_02027.1
PHI:2725	BROAD	BC1G_08318.1
PHI:2726	BROAD	BC1G_02028.1
PHI:2723	BROAD	BC1G_02386.1
PHI:2724	BROAD	BC1G_02027.1
PHI:2725	BROAD	BC1G_08318.1
PHI:2726	BROAD	BC1G_02028.1
PHI:2723	BROAD	BC1G_02386.1
PHI:2724	BROAD	BC1G_02027.1
PHI:2725	BROAD	BC1G_08318.1
PHI:2726	BROAD	BC1G_02028.1
PHI:2728	BROAD	FGSG_10003.3
PHI:2728	BROAD	FGSG_10003.3
PHI:2746	Uniprot	Q02LV7 
PHI:2746	Uniprot	Q02LV7 
PHI:2746	Uniprot	Q02LV7 
PHI:2746	Uniprot	Q02LV7 
PHI:2747	Uniprot	 A8YZD7
PHI:2748	MUMDB	 um11293
PHI:2750
PHI:2750
PHI:2753	Uniprot	C4_45679
PHI:2753	Uniprot	C4_45679
PHI:2753	Uniprot	C4_45679
PHI:2753	Uniprot	C4_45679
PHI:2754	Uniprot	C5A9K2 
PHI:2754	Uniprot	C5A9K2 
PHI:2754	Uniprot	C5A9K2 
PHI:2835	Uniprot	C3JXE8 
PHI:2835	Uniprot	C3JXE8 
PHI:2835	Uniprot	C3JXE8 
PHI:2835	Uniprot	C3JXE8 
PHI:2835	Uniprot	C3JXE8 
PHI:2835	Uniprot	C3JXE8 
PHI:2835	Uniprot	C3JXE8 
PHI:2835	Uniprot	C3JXE8 
PHI:2842	Uniprot	F6K8L7 
PHI:2842	Uniprot	F6K8L7 
PHI:2842	Uniprot	F6K8L7 
PHI:2845	Uniprot	P22287 
PHI:2882	Uniprot	D5MS78 
PHI:2882	Uniprot	D5MS78 
PHI:2908
PHI:2909
PHI:2908
PHI:2909
PHI:2909
PHI:2908
PHI:2909
PHI:2908
PHI:2909
PHI:2909
PHI:2908
PHI:2909
PHI:2908
PHI:2909
PHI:2909
PHI:2908
PHI:2909
PHI:2908
PHI:2909
PHI:2909
PHI:2915	FCGP	FVEG_01508
PHI:2916	FCGP	FVEG_04543
PHI:2917	JGI	188986
PHI:2921	Uniprot	E3Q7G1 
PHI:2921	Uniprot	E3Q7G1 
PHI:2922
PHI:2928	Uniprot	J9NNZ8 
PHI:2934
PHI:2935
PHI:2942
PHI:2952	Uniprot	K8Z4X7 
PHI:2952	Uniprot	K8Z4X7 
PHI:2955	Uniprot	J9VH94 
PHI:2956
PHI:2957
PHI:2960	Uniprot	C5BDL7 
PHI:2984	ATMT	MGG_04951.6
PHI:2985	Uniprot	G4MSF2 
PHI:2993	ATMT	ATMT0651A4
PHI:3001	BROAD	BofuT4_P160540.1
PHI:3002	BROAD	BofuT4_P003410.1
PHI:3003	BROAD	BofuT4_P109250.1
PHI:2896
PHI:2896
PHI:2897
PHI:2898
PHI:2899
PHI:2900
PHI:2901
PHI:2902
PHI:2903
PHI:2755
PHI:2756
PHI:2757
PHI:2758
PHI:2759
PHI:2760
PHI:2761
PHI:2762
PHI:2763
PHI:2764
PHI:2765
PHI:2766
PHI:2767
PHI:2768
PHI:2769
PHI:2770
PHI:2771
PHI:2772
PHI:2773
PHI:2774
PHI:2775
PHI:2776
PHI:2777
PHI:2778
PHI:2779
PHI:2780
PHI:2781
PHI:2782
PHI:2783
PHI:2784
PHI:2785
PHI:2786
PHI:2787
PHI:2788
PHI:2789
PHI:2790
PHI:2791
PHI:2792
PHI:2793
PHI:2794
PHI:2795
PHI:2796
PHI:2797
PHI:2798
PHI:2799
PHI:2800
PHI:2634	Uniprot	Q2FHR8;; 
