PHI:I1	PHI:3	Leaf spot
PHI:I2	PHI:7	Leaf mold
PHI:I3	PHI:12	Leaf spot
PHI:I6	PHI:15	Rice blast
PHI:I8	PHI:18	Leaf mold
PHI:I10	PHI:22	Corn smut
PHI:I11	PHI:24	Take-all
PHI:I12	PHI:24	Take-all
PHI:I13	PHI:25	Phoma stem canker
PHI:I15	PHI:27	Anthracnose
PHI:I16	PHI:27	Anthracnose
PHI:I19	PHI:36	Rice blast
PHI:I20	PHI:37	Corn smut
PHI:I21	PHI:38	Scald/leaf blotch
PHI:I22	PHI:39	Root rot
PHI:I23	PHI:40	Anthracnose
PHI:I24	PHI:41	Rice blast
PHI:I25	PHI:42	Rice blast
PHI:I26	PHI:44	Fusarium ear blight
PHI:I27	PHI:44	Fusarium ear blight
PHI:I28	PHI:44	Fusarium ear blight
PHI:I29	PHI:44	Fusarium ear blight
PHI:I30	PHI:44	Fusarium ear blight
PHI:I31	PHI:44	Fusarium ear blight
PHI:I36	PHI:49	Chesnut blight
PHI:I37	PHI:52	Rice blast
PHI:I38	PHI:52	Rice blast
PHI:I39	PHI:53	Root rot
PHI:I40	PHI:55	Leaf blight
PHI:I41	PHI:56	Rice blast
PHI:I42	PHI:57	Corn smut
PHI:I43	PHI:58	Anthracnose
PHI:I44	PHI:59	Anthracnose
PHI:I45	PHI:60	Leaf spot
PHI:I48	PHI:65	Chesnut blight
PHI:I53	PHI:69	Grey mold rot
PHI:I54	PHI:69	Grey mold rot
PHI:I55	PHI:71	Leaf mold
PHI:I63	PHI:76	Corn smut
PHI:I64	PHI:77	Corn smut
PHI:I65	PHI:78	Corn smut
PHI:I66	PHI:79	Corn smut
PHI:I68	PHI:81	Rice blast
PHI:I69	PHI:82	Rice blast
PHI:I70	PHI:83	Rice blast
PHI:I71	PHI:84	Rice blast
PHI:I80	PHI:97	Leaf spot
PHI:I81	PHI:98	Corn smut
PHI:I82	PHI:99	Rice blast
PHI:I83	PHI:100	Corn smut
PHI:I84	PHI:101	Respiratory disease
PHI:I85	PHI:103	Grey mold rot
PHI:I86	PHI:103	Grey mold rot
PHI:I87	PHI:103	Grey mold rot
PHI:I93	PHI:109	Anthracnose
PHI:I94	PHI:111	Late blight
PHI:I95	PHI:113	Rice blast
PHI:I96	PHI:114	Vascular wilt
PHI:I97	PHI:115	Leaf spot
PHI:I98	PHI:116	Respiratory disease
PHI:I99	PHI:120	Rice blast
PHI:I100	PHI:121	Rice blast
PHI:I101	PHI:122	Rice blast
PHI:I102	PHI:123	Rice blast
PHI:I110	PHI:128	Rice blast
PHI:I113	PHI:131	Fusarium ear blight
PHI:I114	PHI:132	Rice blast
PHI:I115	PHI:133	Black spot
PHI:I116	PHI:134	Black spot
PHI:I125	PHI:141	Leaf blight and purple seed stain
PHI:I126	PHI:142	Leaf blight
PHI:I127	PHI:143	Leaf spot/blight
PHI:I128	PHI:144	Mycopathogen
PHI:I129	PHI:146	Anthracnose
PHI:I131	PHI:151	Corn smut
PHI:I132	PHI:153	Rice blast
PHI:I135	PHI:157	Leaf spot
PHI:I136	PHI:158	Corn smut
PHI:I137	PHI:159	Histoplasmosis (pulmonary disease)
PHI:I138	PHI:160	Alternaria leaf blotch
PHI:I139	PHI:161	Grey mold rot
PHI:I140	PHI:161	Grey mold rot
PHI:I141	PHI:161	Grey mold rot
PHI:I143	PHI:163	Histoplasmosis (pulmonary disease)
PHI:I144	PHI:164	Anthracnose
PHI:I145	PHI:165	Anthracnose
PHI:I146	PHI:166	Anthracnose
PHI:I147	PHI:166	Anthracnose
PHI:I148	PHI:167	Anthracnose
PHI:I149	PHI:167	Anthracnose
PHI:I150	PHI:169	Anthracnose
PHI:I151	PHI:170	Anthracnose
PHI:I155	PHI:176	Corn smut
PHI:I156	PHI:177	Glume blotch
PHI:I157	PHI:178	Respiratory disease
PHI:I158	PHI:179	Root rot
PHI:I159	PHI:181	Vascular wilt
PHI:I170	PHI:187	Corn smut
PHI:I171	PHI:188	Leaf spot
PHI:I174	PHI:191	Leaf spot
PHI:I182	PHI:199	Leaf mold
PHI:I183	PHI:200	Vascular wilt
PHI:I184	PHI:201	Rice blast
PHI:I185	PHI:202	Grey mold rot
PHI:I186	PHI:202	Grey mold rot
PHI:I187	PHI:203	Grey mold rot
PHI:I188	PHI:203	Grey mold rot
PHI:I201	PHI:215	Vascular wilt
PHI:I202	PHI:215	Vascular wilt
PHI:I203	PHI:216	Leaf spot
PHI:I210	PHI:222	Anthracnose
PHI:I211	PHI:223	Root rot
PHI:I212	PHI:224	Root rot
PHI:I213	PHI:225	Root rot
PHI:I214	PHI:226	Anthracnose
PHI:I222	PHI:230	Net blotch
PHI:I223	PHI:231	Anthracnose
PHI:I225	PHI:233	Leaf spot
PHI:I226	PHI:234	Corn smut
PHI:I234	PHI:243	Anthracnose
PHI:I235	PHI:244	Anthracnose
PHI:I236	PHI:245	Ergot
PHI:I237	PHI:246	Ergot
PHI:I238	PHI:247	Ergot
PHI:I239	PHI:249	Rice blast
PHI:I240	PHI:250	Leaf blight
PHI:I241	PHI:251	Vascular wilt
PHI:I244	PHI:254	Vascular wilt
PHI:I245	PHI:255	Foolish seedling
PHI:I246	PHI:256	Rice blast
PHI:I247	PHI:257	Rice blast
PHI:I248	PHI:258	Potato rot
PHI:I250	PHI:260	Corn smut
PHI:I251	PHI:261	Phoma stem canker
PHI:I253	PHI:263	Anthracnose
PHI:I256	PHI:266	Fusarium ear blight
PHI:I257	PHI:266	Fusarium ear blight
PHI:I258	PHI:266	Fusarium ear blight
PHI:I259	PHI:266	Fusarium ear blight
PHI:I260	PHI:266	Fusarium ear blight
PHI:I262	PHI:268	Rice blast
PHI:I263	PHI:269	Corn smut
PHI:I270	PHI:276	Grey mold rot
PHI:I271	PHI:277	Grey mold rot
PHI:I272	PHI:277	Grey mold rot
PHI:I273	PHI:278	Grey mold rot
PHI:I274	PHI:278	Grey mold rot
PHI:I275	PHI:278	Grey mold rot
PHI:I281	PHI:285	Vascular wilt
PHI:I282	PHI:285	Vascular wilt
PHI:I284	PHI:287	Anthracnose
PHI:I289	PHI:293	Leaf blight
PHI:I290	PHI:294	Anthracnose
PHI:I291	PHI:295	Leaf blight
PHI:I292	PHI:296	Maize grey leaf spot
PHI:I293	PHI:300	Vascular wilt
PHI:I294	PHI:301	Vascular wilt
PHI:I295	PHI:301	Vascular wilt
PHI:I297	PHI:304	Fusarium ear blight
PHI:I298	PHI:305	Rice blast
PHI:I300	PHI:307	Corn smut
PHI:I301	PHI:308	Corn smut
PHI:I302	PHI:309	Fusarium ear blight
PHI:I303	PHI:309	Fusarium ear blight
PHI:I304	PHI:309	Fusarium ear blight
PHI:I305	PHI:310	Septoria leaf blotch
PHI:I306	PHI:311	Rice blast
PHI:I308	PHI:314	White mold/stem rot
PHI:I309	PHI:314	White mold/stem rot
PHI:I310	PHI:315	Vascular wilt
PHI:I311	PHI:315	Vascular wilt
PHI:I312	PHI:316	Late blight
PHI:I316	PHI:319	Corn smut
PHI:I319	PHI:322	Rice blast
PHI:I320	PHI:323	Mycopathogen
PHI:I322	PHI:325	Rice blast
PHI:I324	PHI:328	Downy mildew
PHI:I325	PHI:329	Grey mold rot
PHI:I326	PHI:329	Grey mold rot
PHI:I327	PHI:329	Grey mold rot
PHI:I328	PHI:329	Grey mold rot
PHI:I330	PHI:332	Anthracnose
PHI:I332	PHI:334	Leaf blight
PHI:I334	PHI:336	Vascular wilt
PHI:I335	PHI:337	Vascular wilt
PHI:I336	PHI:338	Corn smut
PHI:I337	PHI:339	Anthracnose
PHI:I339	PHI:341	Anthracnose
PHI:I340	PHI:342	Chesnut blight
PHI:I341	PHI:343	Chesnut blight
PHI:I342	PHI:344	Ergot
PHI:I344	PHI:346	Corn smut
PHI:I346	PHI:350	Rice blast
PHI:I347	PHI:352	Corn smut
PHI:I348	PHI:353	Glume blotch
PHI:I350	PHI:355	Fusarium ear blight
PHI:I351	PHI:356	Rice blast
PHI:I360	PHI:365	Glume blotch
PHI:I361	PHI:366	Rice blast
PHI:I362	PHI:366	Rice blast
PHI:I363	PHI:367	Corn smut
PHI:I365	PHI:369	Late blight
PHI:I372	PHI:375	Vascular wilt
PHI:I377	PHI:379	Vascular wilt
PHI:I379	PHI:382	Corn smut
PHI:I382	PHI:385	Mycopathogen
PHI:I385	PHI:389	Corn smut
PHI:I388	PHI:393	Ergot
PHI:I389	PHI:394	Corn smut
PHI:I390	PHI:395	Vascular wilt
PHI:I395	PHI:402	Corn smut
PHI:I396	PHI:404	Rice blast
PHI:I397	PHI:405	Rice blast
PHI:I398	PHI:406	Corn smut
PHI:I399	PHI:407	Light leaf spot
PHI:I402	PHI:411	Corn smut
PHI:I403	PHI:412	Leaf blight
PHI:I404	PHI:413	Glume blotch
PHI:I405	PHI:414	Glume blotch
PHI:I406	PHI:416	Leaf blight
PHI:I407	PHI:416	Leaf blight
PHI:I408	PHI:417	Rice blast
PHI:I409	PHI:418	Rice blast
PHI:I420	PHI:429	Anthracnose
PHI:I423	PHI:432	Fusarium ear blight
PHI:I424	PHI:432	Fusarium ear blight
PHI:I429	PHI:438	Grey mold rot
PHI:I430	PHI:438	Grey mold rot
PHI:I431	PHI:439	Fusarium ear blight
PHI:I433	PHI:448	Glume blotch
PHI:I446	PHI:458	Rice blast
PHI:I447	PHI:459	Barley smut
PHI:I451	PHI:464	Corn smut
PHI:I452	PHI:465	Corn smut
PHI:I453	PHI:466	Corn smut
PHI:I454	PHI:467	Chesnut blight
PHI:I456	PHI:469	Leaf spot
PHI:I459	PHI:472	Leaf mold
PHI:I460	PHI:473	Late blight
PHI:I465	PHI:478	Corn smut
PHI:I466	PHI:479	Respiratory disease
PHI:I470	PHI:483	Vascular wilt
PHI:I471	PHI:483	Vascular wilt
PHI:I472	PHI:483	Vascular wilt
PHI:I473	PHI:483	Vascular wilt
PHI:I474	PHI:483	Vascular wilt
PHI:I475	PHI:483	Vascular wilt
PHI:I476	PHI:483	Vascular wilt
PHI:I483	PHI:490	Vascular wilt
PHI:I485	PHI:492	Grey mold rot
PHI:I486	PHI:492	Grey mold rot
PHI:I491	PHI:499	Late blight
PHI:I500	PHI:508	Black spot
PHI:I501	PHI:508	Black spot
PHI:I502	PHI:509	Black spot
PHI:I503	PHI:509	Black spot
PHI:I510	PHI:515	Corn smut
PHI:I514	PHI:518	Rice blast
PHI:I515	PHI:519	Rice blast
PHI:I519	PHI:524	Corn smut
PHI:I520	PHI:524	Corn smut
PHI:I521	PHI:526	Corn smut
PHI:I524	PHI:528	Corn smut
PHI:I525	PHI:529	Leaf mold
PHI:I526	PHI:530	Root rot
PHI:I527	PHI:531	Downy mildew
PHI:I528	PHI:532	Flax rust
PHI:I529	PHI:532	Flax rust
PHI:I530	PHI:533	Flax rust
PHI:I531	PHI:533	Flax rust
PHI:I532	PHI:534	Tan spot
PHI:I533	PHI:535	Flax rust
PHI:I534	PHI:536	Flax rust
PHI:I535	PHI:537	Flax rust
PHI:I536	PHI:538	Grey mold rot
PHI:I537	PHI:538	Grey mold rot
PHI:I538	PHI:543	Grey mold rot
PHI:I539	PHI:544	Grey mold rot
PHI:I540	PHI:545	Grey mold rot
PHI:I541	PHI:546	Grey mold rot
PHI:I542	PHI:546	Grey mold rot
PHI:I543	PHI:548	Grey mold rot
PHI:I544	PHI:548	Grey mold rot
PHI:I545	PHI:549	Grey mold rot
PHI:I546	PHI:549	Grey mold rot
PHI:I547	PHI:550	Grey mold rot
PHI:I548	PHI:550	Grey mold rot
PHI:I549	PHI:551	Rice blast
PHI:I550	PHI:552	Grey mold rot
PHI:I551	PHI:552	Grey mold rot
PHI:I552	PHI:552	Grey mold rot
PHI:I553	PHI:552	Grey mold rot
PHI:I569	PHI:566	Leaf spot
PHI:I572	PHI:571	Leaf spot
PHI:I573	PHI:571	Leaf spot
PHI:I574	PHI:571	Leaf spot
PHI:I575	PHI:571	Leaf spot
PHI:I576	PHI:572	Leaf spot
PHI:I577	PHI:572	Leaf spot
PHI:I578	PHI:572	Leaf spot
PHI:I579	PHI:573	Leaf spot
PHI:I580	PHI:573	Leaf spot
PHI:I581	PHI:574	Grey mold rot
PHI:I587	PHI:579	Bacterial speck
PHI:I588	PHI:579	Bacterial speck
PHI:I589	PHI:580	Bacterial speck
PHI:I590	PHI:580	Bacterial speck
PHI:I591	PHI:581	Bacterial speck
PHI:I592	PHI:581	Bacterial speck
PHI:I593	PHI:582	Bacterial speck
PHI:I594	PHI:582	Bacterial speck
PHI:I595	PHI:583	Bacterial speck
PHI:I596	PHI:583	Bacterial speck
PHI:I597	PHI:584	Bacterial speck
PHI:I598	PHI:584	Bacterial speck
PHI:I599	PHI:585	Bacterial speck
PHI:I600	PHI:585	Bacterial speck
PHI:I601	PHI:586	Bacterial speck
PHI:I602	PHI:587	Bacterial speck
PHI:I603	PHI:588	Bacterial speck
PHI:I604	PHI:589	Halo blight
PHI:I605	PHI:590	Halo blight
PHI:I606	PHI:591	Rice blast
PHI:I607	PHI:591	Rice blast
PHI:I608	PHI:595	Glume blotch
PHI:I609	PHI:596	Rice blast
PHI:I610	PHI:597	Phoma stem canker
PHI:I611	PHI:598	Phoma stem canker
PHI:I666	PHI:650	Grey mold rot
PHI:I667	PHI:651	Grey mold rot
PHI:I668	PHI:652	Root rot
PHI:I669	PHI:653	Root rot
PHI:I670	PHI:654	Late blight
PHI:I671	PHI:655	Late blight
PHI:I672	PHI:656	Late blight
PHI:I673	PHI:656	Late blight
PHI:I674	PHI:656	Late blight
PHI:I675	PHI:657	Late blight
PHI:I676	PHI:657	Late blight
PHI:I677	PHI:657	Late blight
PHI:I678	PHI:658	Root rot
PHI:I679	PHI:659	Root rot
PHI:I680	PHI:660	Potato buckeye rot
PHI:I687	PHI:665	Root rot
PHI:I688	PHI:665	Root rot
PHI:I689	PHI:666	Potato buckeye rot
PHI:I690	PHI:666	Potato buckeye rot
PHI:I691	PHI:666	Potato buckeye rot
PHI:I716	PHI:685	Rice blast
PHI:I718	PHI:690	Rice blast
PHI:I719	PHI:690	Rice blast
PHI:I735	PHI:712	Fusarium ear blight
PHI:I736	PHI:713	Fusarium ear blight
PHI:I737	PHI:713	Fusarium ear blight
PHI:I738	PHI:714	Fusarium ear blight
PHI:I739	PHI:714	Fusarium ear blight
PHI:I740	PHI:714	Fusarium ear blight
PHI:I741	PHI:715	Fusarium ear blight
PHI:I742	PHI:716	Fusarium ear blight
PHI:I743	PHI:717	Fusarium ear blight
PHI:I744	PHI:718	Fusarium ear blight
PHI:I745	PHI:719	Fusarium ear blight
PHI:I746	PHI:720	Fusarium ear blight
PHI:I747	PHI:721	Fusarium ear blight
PHI:I748	PHI:722	Fusarium ear blight
PHI:I749	PHI:723	Fusarium ear blight
PHI:I750	PHI:724	Fusarium ear blight
PHI:I751	PHI:725	Fusarium ear blight
PHI:I752	PHI:726	Fusarium ear blight
PHI:I753	PHI:727	Fusarium ear blight
PHI:I754	PHI:728	Fusarium ear blight
PHI:I755	PHI:729	Fusarium ear blight
PHI:I756	PHI:730	Fusarium ear blight
PHI:I757	PHI:731	Foolish seedling
PHI:I758	PHI:733	Fusarium ear blight
PHI:I759	PHI:734	Vascular wilt
PHI:I760	PHI:734	Vascular wilt
PHI:I761	PHI:736	Black spot
PHI:I762	PHI:736	Black spot
PHI:I763	PHI:736	Black spot
PHI:I764	PHI:736	Black spot
PHI:I765	PHI:737	Frog-eye leafspot
PHI:I766	PHI:747	Corn smut
PHI:I767	PHI:748	Corn smut
PHI:I768	PHI:749	Corn smut
PHI:I769	PHI:750	Corn smut
PHI:I770	PHI:751	Corn smut
PHI:I771	PHI:752	Corn smut
PHI:I772	PHI:753	Corn smut
PHI:I773	PHI:754	Corn smut
PHI:I774	PHI:755	Corn smut
PHI:I775	PHI:756	Corn smut
PHI:I776	PHI:757	Corn smut
PHI:I777	PHI:758	Powdery mildew
PHI:I778	PHI:759	Powdery mildew
PHI:I779	PHI:768	Rice blast
PHI:I780	PHI:770	Chesnut blight
PHI:I781	PHI:772	Rice blast
PHI:I782	PHI:773	Rice blast
PHI:I783	PHI:774	Rice blast
PHI:I784	PHI:775	Rice blast
PHI:I785	PHI:776	Rice blast
PHI:I786	PHI:777	Rice blast
PHI:I787	PHI:780	Rice blast
PHI:I788	PHI:783	Rice blast
PHI:I789	PHI:784	Rice blast
PHI:I790	PHI:785	Rice blast
PHI:I791	PHI:786	Rice blast
PHI:I792	PHI:787	Rice blast
PHI:I793	PHI:789	Rice blast
PHI:I794	PHI:790	Rice blast
PHI:I795	PHI:791	Rice blast
PHI:I796	PHI:792	Rice blast
PHI:I797	PHI:793	Rice blast
PHI:I798	PHI:794	Rice blast
PHI:I799	PHI:795	Rice blast
PHI:I800	PHI:797	Rice blast
PHI:I801	PHI:798	Rice blast
PHI:I802	PHI:799	Rice blast
PHI:I803	PHI:800	Rice blast
PHI:I804	PHI:801	Rice blast
PHI:I805	PHI:802	Rice blast
PHI:I806	PHI:803	Rice blast
PHI:I807	PHI:804	Rice blast
PHI:I808	PHI:805	Rice blast
PHI:I809	PHI:806	Rice blast
PHI:I810	PHI:807	Rice blast
PHI:I811	PHI:808	Rice blast
PHI:I812	PHI:810	Rice blast
PHI:I813	PHI:811	Rice blast
PHI:I814	PHI:812	Rice blast
PHI:I815	PHI:815	Rice blast
PHI:I816	PHI:816	Rice blast
PHI:I817	PHI:819	Rice blast
PHI:I818	PHI:821	Brown rot of stone fruit
PHI:I819	PHI:822	Septoria leaf blotch
PHI:I820	PHI:823	Leaf blotch of barley
PHI:I821	PHI:824	Bacterial grain rot
PHI:I824	PHI:835	Septoria leaf blotch
PHI:I825	PHI:836	Wheat powdery mildew
PHI:I826	PHI:838	Septoria leaf blotch
PHI:I827	PHI:839	Septoria leaf blotch
PHI:I828	PHI:840	Septoria leaf blotch
PHI:I829	PHI:841	Septoria leaf blotch
PHI:I830	PHI:842	Septoria leaf blotch
PHI:I831	PHI:843	Septoria leaf blotch
PHI:I832	PHI:844	Septoria leaf blotch
PHI:I833	PHI:845	Septoria leaf blotch
PHI:I834	PHI:846	Septoria leaf blotch
PHI:I835	PHI:847	Bacterial cold-water disease
PHI:I836	PHI:848	Bacterial cold-water disease
PHI:I837	PHI:849	Bacterial grain rot
PHI:I838	PHI:850	Bacterial grain rot
PHI:I839	PHI:851	Bacterial grain rot
PHI:I840	PHI:852	Bacterial grain rot
PHI:I841	PHI:853	Corn smut
PHI:I842	PHI:854	Corn smut
PHI:I844	PHI:858	Rice blast
PHI:I845	PHI:859	Rice blast
PHI:I846	PHI:860	Rice blast
PHI:I847	PHI:860	Rice blast
PHI:I848	PHI:861	Fusarium ear blight
PHI:I849	PHI:861	Fusarium ear blight
PHI:I850	PHI:862	Anthracnose
PHI:I852	PHI:867	Septoria leaf blotch
PHI:I853	PHI:868	Anthracnose
PHI:I854	PHI:872	Rice blast
PHI:I855	PHI:873	Rice blast
PHI:I856	PHI:874	Rice blast
PHI:I857	PHI:875	Rice blast
PHI:I858	PHI:877	Rice blast
PHI:I859	PHI:878	Rice blast
PHI:I860	PHI:881	Rice blast
PHI:I861	PHI:882	Rice blast
PHI:I862	PHI:883	Rice blast
PHI:I863	PHI:885	Rice blast
PHI:I864	PHI:887	Rice blast
PHI:I865	PHI:888	Rice blast
PHI:I866	PHI:889	Rice blast
PHI:I867	PHI:890	Rice blast
PHI:I868	PHI:891	Rice blast
PHI:I869	PHI:893	Rice blast
PHI:I870	PHI:896	Corn smut
PHI:I871	PHI:897	Corn smut
PHI:I872	PHI:898	Corn smut
PHI:I873	PHI:899	Corn smut
PHI:I874	PHI:900	Corn smut
PHI:I875	PHI:901	Corn smut
PHI:I876	PHI:903	Corn smut
PHI:I877	PHI:904	Corn smut
PHI:I878	PHI:905	Corn smut
PHI:I879	PHI:906	Corn smut
PHI:I880	PHI:907	Corn smut
PHI:I881	PHI:908	Corn smut
PHI:I882	PHI:909	Corn smut
PHI:I883	PHI:910	Corn smut
PHI:I884	PHI:912	Corn smut
PHI:I885	PHI:914	Corn smut
PHI:I886	PHI:915	Corn smut
PHI:I887	PHI:917	Corn smut
PHI:I888	PHI:918	Corn smut
PHI:I889	PHI:919	Corn smut
PHI:I890	PHI:921	Corn smut
PHI:I891	PHI:922	Corn smut
PHI:I892	PHI:923	Corn smut
PHI:I893	PHI:924	Corn smut
PHI:I894	PHI:925	Corn smut
PHI:I895	PHI:926	Corn smut
PHI:I896	PHI:927	Corn smut
PHI:I897	PHI:928	Corn smut
PHI:I898	PHI:929	Corn smut
PHI:I899	PHI:930	Corn smut
PHI:I900	PHI:931	Corn smut
PHI:I901	PHI:932	Corn smut
PHI:I902	PHI:933	Corn smut
PHI:I903	PHI:934	Corn smut
PHI:I904	PHI:935	Corn smut
PHI:I905	PHI:936	Corn smut
PHI:I906	PHI:937	Corn smut
PHI:I907	PHI:938	Corn smut
PHI:I908	PHI:939	Corn smut
PHI:I909	PHI:940	Corn smut
PHI:I910	PHI:941	Corn smut
PHI:I911	PHI:942	Corn smut
PHI:I912	PHI:943	Corn smut
PHI:I913	PHI:944	Corn smut
PHI:I914	PHI:945	Corn smut
PHI:I915	PHI:946	Corn smut
PHI:I916	PHI:947	Corn smut
PHI:I917	PHI:948	Corn smut
PHI:I918	PHI:949	Corn smut
PHI:I919	PHI:950	Corn smut
PHI:I920	PHI:951	Corn smut
PHI:I921	PHI:952	Corn smut
PHI:I922	PHI:953	Corn smut
PHI:I923	PHI:954	Corn smut
PHI:I924	PHI:955	Corn smut
PHI:I925	PHI:956	Corn smut
PHI:I926	PHI:957	Corn smut
PHI:I927	PHI:958	Corn smut
PHI:I928	PHI:959	Corn smut
PHI:I929	PHI:960	Corn smut
PHI:I930	PHI:961	Corn smut
PHI:I931	PHI:962	Corn smut
PHI:I932	PHI:963	Bacterial blight
PHI:I933	PHI:964	Bacterial blight
PHI:I934	PHI:965	Bacterial blight
PHI:I935	PHI:966	Halo blight
PHI:I936	PHI:967	Brown spot
PHI:I937	PHI:968	Halo blight
PHI:I938	PHI:969	Bacterial speck
PHI:I939	PHI:970	Bacterial blight
PHI:I940	PHI:971	Bacterial blight
PHI:I941	PHI:972	Bacterial blight
PHI:I942	PHI:973	Bacterial speck
PHI:I943	PHI:974	Bacterial speck
PHI:I944	PHI:975	Bacterial speck
PHI:I945	PHI:976	Brown spot
PHI:I946	PHI:977	Bacterial leaf spot
PHI:I947	PHI:978	Bacterial blight
PHI:I948	PHI:979	Bacterial speck
PHI:I949	PHI:979	Bacterial speck
PHI:I950	PHI:979	Bacterial speck
PHI:I952	PHI:981	Bacterial leaf spot
PHI:I953	PHI:981	Bacterial leaf spot
PHI:I954	PHI:982	Bacterial speck
PHI:I955	PHI:982	Bacterial speck
PHI:I956	PHI:983	Bacterial speck
PHI:I957	PHI:983	Bacterial speck
PHI:I958	PHI:985	Halo blight
PHI:I960	PHI:987	Bacterial speck
PHI:I961	PHI:988	Bacterial speck
PHI:I962	PHI:989	Halo blight
PHI:I963	PHI:989	Halo blight
PHI:I964	PHI:990	Bacterial speck
PHI:I965	PHI:991	Bacterial blight
PHI:I966	PHI:992	Bacterial speck
PHI:I967	PHI:992	Bacterial speck
PHI:I968	PHI:992	Bacterial speck
PHI:I969	PHI:993	Halo blight
PHI:I970	PHI:994	Brown spot
PHI:I971	PHI:994	Brown spot
PHI:I972	PHI:995	Brown spot
PHI:I973	PHI:995	Brown spot
PHI:I974	PHI:997	Brown spot
PHI:I975	PHI:997	Brown spot
PHI:I976	PHI:998	Brown spot
PHI:I977	PHI:998	Brown spot
PHI:I978	PHI:999	Brown spot
PHI:I979	PHI:999	Brown spot
PHI:I980	PHI:1000	Halo blight
PHI:I981	PHI:1004	Fusarium ear blight
PHI:I982	PHI:1004	Fusarium ear blight
PHI:I983	PHI:1005	Fusarium ear blight
PHI:I984	PHI:1005	Fusarium ear blight
PHI:I985	PHI:1006	Fusarium ear blight
PHI:I986	PHI:1007	Fusarium ear blight
PHI:I987	PHI:1008	Brown spot
PHI:I988	PHI:1009	Black spot
PHI:I989	PHI:1012	Fusarium ear blight
PHI:I990	PHI:1013	Fusarium ear blight
PHI:I991	PHI:1014	Fusarium ear blight
PHI:I992	PHI:1015	Fusarium ear blight
PHI:I993	PHI:1017	Rice blast
PHI:I994	PHI:1018	Rice blast
PHI:I995	PHI:1018	Rice blast
PHI:I996	PHI:1020	Vascular wilt
PHI:I997	PHI:1021	Vascular wilt
PHI:I998	PHI:1022	Vascular wilt
PHI:I999	PHI:1023	Grey mold rot
PHI:I1000	PHI:1023	Grey mold rot
PHI:I1001	PHI:1024	Grey mold rot
PHI:I1002	PHI:1025	Grey mold rot
PHI:I1003	PHI:1026	Grey mold rot
PHI:I1004	PHI:1027	Grey mold rot
PHI:I1005	PHI:1027	Grey mold rot
PHI:I1006	PHI:1027	Grey mold rot
PHI:I1007	PHI:1027	Grey mold rot
PHI:I1008	PHI:1027	Grey mold rot
PHI:I1009	PHI:1028	Grey mold rot
PHI:I1010	PHI:1028	Grey mold rot
PHI:I1011	PHI:1028	Grey mold rot
PHI:I1012	PHI:1028	Grey mold rot
PHI:I1013	PHI:1028	Grey mold rot
PHI:I1014	PHI:1052	Maize grey leaf spot
PHI:I1015	PHI:1054	Maize leaf anthracnose / stalk rot
PHI:I1016	PHI:1055	Maize leaf anthracnose / stalk rot
PHI:I1017	PHI:1056	Maize leaf anthracnose / stalk rot
PHI:I1018	PHI:1057	Rice blast
PHI:I1019	PHI:1057	Rice blast
PHI:I1020	PHI:1058	Rice blast
PHI:I1021	PHI:1061	Rice blast
PHI:I1022	PHI:1063	Rice blast
PHI:I1023	PHI:1063	Rice blast
PHI:I1024	PHI:1064	Rice blast
PHI:I1025	PHI:1070	Rice blast
PHI:I1026	PHI:1071	Corn smut
PHI:I1027	PHI:1072	Septoria leaf blotch
PHI:I1028	PHI:1073	Septoria leaf blotch
PHI:I1029	PHI:1074	Septoria leaf blotch
PHI:I1030	PHI:1075	Septoria leaf blotch
PHI:I1031	PHI:1076	Septoria leaf blotch
PHI:I1032	PHI:1078	Fusarium ear blight
PHI:I1033	PHI:1079	Fusarium ear blight
PHI:I1034	PHI:1080	Fusarium ear blight
PHI:I1035	PHI:1080	Fusarium ear blight
PHI:I1036	PHI:1082	Glume blotch
PHI:I1037	PHI:1083	Glume blotch
PHI:I1038	PHI:1084	Glume blotch
PHI:I1039	PHI:1086	Fusarium ear blight
PHI:I1040	PHI:1087	Fusarium ear blight
PHI:I1041	PHI:1088	Fusarium ear blight
PHI:I1042	PHI:1089	Fusarium ear blight
PHI:I1043	PHI:1090	Fusarium ear blight
PHI:I1044	PHI:1091	Fusarium ear blight
PHI:I1045	PHI:1092	Fusarium ear blight
PHI:I1046	PHI:1093	Fusarium ear blight
PHI:I1047	PHI:1094	Fusarium ear blight
PHI:I1048	PHI:1095	Fusarium ear blight
PHI:I1049	PHI:1096	Fusarium ear blight
PHI:I1050	PHI:1097	Fusarium ear blight
PHI:I1051	PHI:1098	Fusarium ear blight
PHI:I1052	PHI:1099	Glume blotch
PHI:I1053	PHI:1101	Vascular wilt
PHI:I1054	PHI:1101	Vascular wilt
PHI:I1055	PHI:1103	Vascular wilt
PHI:I1056	PHI:1103	Vascular wilt
PHI:I1057	PHI:1105	Vascular wilt
PHI:I1058	PHI:1105	Vascular wilt
PHI:I1059	PHI:1107	Vascular wilt
PHI:I1060	PHI:1108	Vascular wilt
PHI:I1061	PHI:1109	Corn smut
PHI:I1062	PHI:1110	Corn smut
PHI:I1063	PHI:1111	Corn smut
PHI:I1064	PHI:1112	Corn smut
PHI:I1065	PHI:1113	Corn smut
PHI:I1066	PHI:1114	Corn smut
PHI:I1067	PHI:1115	Corn smut
PHI:I1068	PHI:1116	Corn smut
PHI:I1069	PHI:1118	Corn smut
PHI:I1070	PHI:1119	Corn smut
PHI:I1071	PHI:1131	Phoma stem canker
PHI:I1072	PHI:1132	Phoma stem canker
PHI:I1073	PHI:1133	Phoma stem canker
PHI:I1074	PHI:1134	Phoma stem canker
PHI:I1075	PHI:1135	Phoma stem canker
PHI:I1076	PHI:1136	Bacterial blight
PHI:I1077	PHI:1137	Bacterial blight
PHI:I1078	PHI:1138	Bacterial blight
PHI:I1079	PHI:1139	Bacterial blight
PHI:I1080	PHI:1140	Bacterial blight
PHI:I1081	PHI:1141	Bacterial blight
PHI:I1082	PHI:1142	Bacterial blight
PHI:I1083	PHI:1143	Bacterial blight
PHI:I1084	PHI:1144	Bacterial blight
PHI:I1085	PHI:1145	Bacterial blight
PHI:I1086	PHI:1146	Bacterial blight
PHI:I1087	PHI:1147	Barley stem blight
PHI:I1088	PHI:1148	Ergot
PHI:I1089	PHI:1149	Septoria leaf blotch
PHI:I1090	PHI:1150	Septoria leaf blotch
PHI:I1091	PHI:1151	Septoria leaf blotch
PHI:I1092	PHI:1152	Septoria leaf blotch
PHI:I1093	PHI:1153	Septoria leaf blotch
PHI:I1094	PHI:1154	Septoria leaf blotch
PHI:I1095	PHI:1155	Septoria leaf blotch
PHI:I1096	PHI:1156	Septoria leaf blotch
PHI:I1097	PHI:1157	Septoria leaf blotch
PHI:I1098	PHI:1158	Septoria leaf blotch
PHI:I1099	PHI:1161	Septoria leaf blotch
PHI:I1100	PHI:1168	Fusarium ear blight
PHI:I1101	PHI:1169	Fusarium ear blight
PHI:I1102	PHI:1170	Fusarium ear blight
PHI:I1103	PHI:1175	Fusarium ear blight
PHI:I1104	PHI:1176	Fusarium ear blight
PHI:I1105	PHI:1177	Fusarium ear blight
PHI:I1106	PHI:1178	Fusarium ear blight
PHI:I1107	PHI:1179	Fusarium ear blight
PHI:I1108	PHI:1180	Fusarium ear blight
PHI:I1109	PHI:1181	Fusarium ear blight
PHI:I1110	PHI:1182	Fusarium ear blight
PHI:I1111	PHI:1183	Fusarium ear blight
PHI:I1112	PHI:1184	Fusarium ear blight
PHI:I1113	PHI:1185	Fusarium ear blight
PHI:I1114	PHI:1186	Fusarium ear blight
PHI:I1115	PHI:1187	Fusarium ear blight
PHI:I1116	PHI:1188	Fusarium ear blight
PHI:I1117	PHI:1189	Fusarium ear blight
PHI:I1118	PHI:1190	Fusarium ear blight
PHI:I1119	PHI:1191	Fusarium ear blight
PHI:I1120	PHI:1192	Fusarium ear blight
PHI:I1121	PHI:1193	Fusarium ear blight
PHI:I1122	PHI:1194	Fusarium ear blight
PHI:I1123	PHI:1195	Fusarium ear blight
PHI:I1124	PHI:1196	Fusarium ear blight
PHI:I1125	PHI:1197	Fusarium ear blight
PHI:I1126	PHI:1198	Fusarium ear blight
PHI:I1127	PHI:1199	Fusarium ear blight
PHI:I1128	PHI:1200	Fusarium ear blight
PHI:I1129	PHI:1201	Fusarium ear blight
PHI:I1130	PHI:1202	Fusarium ear blight
PHI:I1131	PHI:1203	Fusarium ear blight
PHI:I1132	PHI:1204	Fusarium ear blight
PHI:I1133	PHI:1205	Fusarium ear blight
PHI:I1134	PHI:1206	Fusarium ear blight
PHI:I1135	PHI:1207	Fusarium ear blight
PHI:I1136	PHI:1208	Fusarium ear blight
PHI:I1137	PHI:1209	Fusarium ear blight
PHI:I1138	PHI:1210	Fusarium ear blight
PHI:I1139	PHI:1211	Fusarium ear blight
PHI:I1140	PHI:1212	Fusarium ear blight
PHI:I1141	PHI:1215	Fusarium ear blight
PHI:I1142	PHI:1216	Fusarium ear blight
PHI:I1143	PHI:1218	Fusarium ear blight
PHI:I1144	PHI:1219	Fusarium ear blight
PHI:I1145	PHI:1220	Fusarium ear blight
PHI:I1146	PHI:1221	Fusarium ear blight
PHI:I1147	PHI:1222	Fusarium ear blight
PHI:I1148	PHI:1223	Fusarium ear blight
PHI:I1149	PHI:1224	Fusarium ear blight
PHI:I1150	PHI:1225	Fusarium ear blight
PHI:I1151	PHI:1226	Fusarium ear blight
PHI:I1152	PHI:1227	Fusarium ear blight
PHI:I1153	PHI:1228	Fusarium ear blight
PHI:I1154	PHI:1229	Fusarium ear blight
PHI:I1155	PHI:1230	Fusarium ear blight
PHI:I1156	PHI:1231	Fusarium ear blight
PHI:I1157	PHI:1232	Fusarium ear blight
PHI:I1158	PHI:1233	Fusarium ear blight
PHI:I1159	PHI:1234	Fusarium ear blight
PHI:I1160	PHI:1235	Fusarium ear blight
PHI:I1161	PHI:1236	Fusarium ear blight
PHI:I1162	PHI:1237	Fusarium ear blight
PHI:I1163	PHI:1238	Fusarium ear blight
PHI:I1164	PHI:1239	Fusarium ear blight
PHI:I1165	PHI:1240	Fusarium ear blight
PHI:I1166	PHI:1241	Fusarium ear blight
PHI:I1167	PHI:1242	Fusarium ear blight
PHI:I1168	PHI:1243	Fusarium ear blight
PHI:I1169	PHI:1244	Fusarium ear blight
PHI:I1170	PHI:1245	Fusarium ear blight
PHI:I1171	PHI:1246	Fusarium ear blight
PHI:I1172	PHI:1247	Fusarium ear blight
PHI:I1173	PHI:1248	Fusarium ear blight
PHI:I1174	PHI:1249	Fusarium ear blight
PHI:I1175	PHI:1250	Fusarium ear blight
PHI:I1176	PHI:1251	Fusarium ear blight
PHI:I1177	PHI:1252	Fusarium ear blight
PHI:I1178	PHI:1253	Fusarium ear blight
PHI:I1179	PHI:1254	Fusarium ear blight
PHI:I1180	PHI:1255	Fusarium ear blight
PHI:I1181	PHI:1256	Fusarium ear blight
PHI:I1182	PHI:1257	Fusarium ear blight
PHI:I1183	PHI:1258	Fusarium ear blight
PHI:I1184	PHI:1259	Fusarium ear blight
PHI:I1185	PHI:1260	Fusarium ear blight
PHI:I1186	PHI:1261	Fusarium ear blight
PHI:I1187	PHI:1262	Fusarium ear blight
PHI:I1188	PHI:1263	Fusarium ear blight
PHI:I1189	PHI:1264	Fusarium ear blight
PHI:I1190	PHI:1265	Fusarium ear blight
PHI:I1191	PHI:1266	Fusarium ear blight
PHI:I1192	PHI:1267	Fusarium ear blight
PHI:I1193	PHI:1268	Fusarium ear blight
PHI:I1194	PHI:1269	Fusarium ear blight
PHI:I1195	PHI:1270	Fusarium ear blight
PHI:I1196	PHI:1271	Fusarium ear blight
PHI:I1197	PHI:1272	Fusarium ear blight
PHI:I1198	PHI:1273	Fusarium ear blight
PHI:I1199	PHI:1274	Fusarium ear blight
PHI:I1200	PHI:1275	Fusarium ear blight
PHI:I1201	PHI:1276	Fusarium ear blight
PHI:I1202	PHI:1277	Fusarium ear blight
PHI:I1203	PHI:1278	Fusarium ear blight
PHI:I1204	PHI:1279	Fusarium ear blight
PHI:I1205	PHI:1280	Fusarium ear blight
PHI:I1206	PHI:1281	Fusarium ear blight
PHI:I1207	PHI:1282	Fusarium ear blight
PHI:I1208	PHI:1283	Fusarium ear blight
PHI:I1209	PHI:1284	Fusarium ear blight
PHI:I1210	PHI:1285	Fusarium ear blight
PHI:I1211	PHI:1286	Fusarium ear blight
PHI:I1212	PHI:1287	Fusarium ear blight
PHI:I1213	PHI:1288	Fusarium ear blight
PHI:I1214	PHI:1289	Fusarium ear blight
PHI:I1215	PHI:2002	Rice blast
PHI:I1216	PHI:2002	Rice blast
PHI:I1217	PHI:2002	Rice blast
PHI:I1218	PHI:2002	Rice blast
PHI:I1219	PHI:2005	Rice blast
PHI:I1220	PHI:2005	Rice blast
PHI:I1221	PHI:2006	Rice blast
PHI:I1222	PHI:2008	Rice blast
PHI:I1223	PHI:2009	Rice blast
PHI:I1224	PHI:2014	Rice blast
PHI:I1225	PHI:2016	Rice blast
PHI:I1226	PHI:2016	Rice blast
PHI:I1227	PHI:2017	Rice blast
PHI:I1228	PHI:2017	Rice blast
PHI:I1229	PHI:2017	Rice blast
PHI:I1230	PHI:2018	Rice blast
PHI:I1231	PHI:2019	Rice blast
PHI:I1232	PHI:2020	Maize smut disease
PHI:I1233	PHI:2020	Maize smut disease
PHI:I1234	PHI:2020	Maize smut disease
PHI:I1235	PHI:2020	Maize smut disease
PHI:I1236	PHI:2020	Maize smut disease
PHI:I1237	PHI:2021	Maize smut disease
PHI:I1238	PHI:2022	Rice blast
PHI:I1239	PHI:2022	Rice blast
PHI:I1240	PHI:2025	Rice blast
PHI:I1241	PHI:2027	Rice blast
PHI:I1242	PHI:2028	Rice blast
PHI:I1243	PHI:2029	Rice blast
PHI:I1244	PHI:2030	Rice blast
PHI:I1245	PHI:2031	Rice blast
PHI:I1246	PHI:2032	Rice blast
PHI:I1247	PHI:2033	Rice blast
PHI:I1248	PHI:2034	Rice blast
PHI:I1249	PHI:2035	Rice blast
PHI:I1250	PHI:2035	Rice blast
PHI:I1251	PHI:2035	Rice blast
PHI:I1252	PHI:2035	Rice blast
PHI:I1253	PHI:2036	Rice blast
PHI:I1254	PHI:2037	Rice blast
PHI:I1255	PHI:2037	Rice blast
PHI:I1256	PHI:2037	Rice blast
PHI:I1257	PHI:2037	Rice blast
PHI:I1258	PHI:2037	Rice blast
PHI:I1259	PHI:2037	Rice blast
PHI:I1260	PHI:2037	Rice blast
PHI:I1261	PHI:2037	Rice blast
PHI:I1262	PHI:2037	Rice blast
PHI:I1263	PHI:2037	Rice blast
PHI:I1264	PHI:2037	Rice blast
PHI:I1265	PHI:2037	Rice blast
PHI:I1266	PHI:2037	Rice blast
PHI:I1267	PHI:2037	Rice blast
PHI:I1268	PHI:2037	Rice blast
PHI:I1269	PHI:2037	Rice blast
PHI:I1270	PHI:2037	Rice blast
PHI:I1271	PHI:2037	Rice blast
PHI:I1272	PHI:2038	Rice blast
PHI:I1273	PHI:2038	Rice blast
PHI:I1274	PHI:2038	Rice blast
PHI:I1275	PHI:2039	Rice blast
PHI:I1276	PHI:2039	Rice blast
PHI:I1277	PHI:2040	Rice blast
PHI:I1278	PHI:2042	Rice blast
PHI:I1279	PHI:2042	Rice blast
PHI:I1280	PHI:2042	Rice blast
PHI:I1281	PHI:2043	Rice blast
PHI:I1282	PHI:2045	Rice blast
PHI:I1283	PHI:2045	Rice blast
PHI:I1284	PHI:2045	Rice blast
PHI:I1285	PHI:2045	Rice blast
PHI:I1286	PHI:2046	Rice blast
PHI:I1287	PHI:2046	Rice blast
PHI:I1288	PHI:2048	Rice blast
PHI:I1289	PHI:2049	Rice blast
PHI:I1290	PHI:2050	Rice blast
PHI:I1291	PHI:2049	Rice blast
PHI:I1292	PHI:2050	Rice blast
PHI:I1293	PHI:2051	Rice blast
PHI:I1294	PHI:2051	Rice blast
PHI:I1295	PHI:2052	Rice blast
PHI:I1296	PHI:2052	Rice blast
PHI:I1297	PHI:2052	Rice blast
PHI:I1298	PHI:2052	Rice blast
PHI:I1299	PHI:2053	Rice blast
PHI:I1300	PHI:2053	Rice blast
PHI:I1301	PHI:2053	Rice blast
PHI:I1302	PHI:2054	Rice blast
PHI:I1303	PHI:2054	Rice blast
PHI:I1304	PHI:2054	Rice blast
PHI:I1305	PHI:2054	Rice blast
PHI:I1306	PHI:2055	Maize anthracnose
PHI:I1307	PHI:2057	Rice blast
PHI:I1308	PHI:2058	Rice blast
PHI:I1309	PHI:2058	Rice blast
PHI:I1310	PHI:2058	Rice blast
PHI:I1311	PHI:2059	Rice blast
PHI:I1312	PHI:2059	Rice blast
PHI:I1313	PHI:2060	Rice blast
PHI:I1314	PHI:2060	Rice blast
PHI:I1315	PHI:2061	Rice blast
PHI:I1316	PHI:2062	Rice blast
PHI:I1317	PHI:2063	Rice blast
PHI:I1318	PHI:2063	Rice blast
PHI:I1319	PHI:2064	Rice blast
PHI:I1320	PHI:2065	Rice blast
PHI:I1321	PHI:2065	Rice blast
PHI:I1322	PHI:2065	Rice blast
PHI:I1323	PHI:2066	Rice blast
PHI:I1324	PHI:2067	Rice blast
PHI:I1325	PHI:2068	Rice blast
PHI:I1326	PHI:2068	Rice blast
PHI:I1327	PHI:2068	Rice blast
PHI:I1328	PHI:2068	Rice blast
PHI:I1329	PHI:2069	Rice blast
PHI:I1330	PHI:2070	Rice blast
PHI:I1331	PHI:2071	Rice blast
PHI:I1332	PHI:2072	Rice blast
PHI:I1333	PHI:2073	Rice blast
PHI:I1334	PHI:2074	Rice blast
PHI:I1335	PHI:2075	Rice blast
PHI:I1336	PHI:2076	Rice blast
PHI:I1337	PHI:2077	Rice blast
PHI:I1338	PHI:2078	Rice blast
PHI:I1339	PHI:2079	Rice blast
PHI:I1340	PHI:2080	Rice blast
PHI:I1341	PHI:2081	Rice blast
PHI:I1342	PHI:2082	Rice blast
PHI:I1343	PHI:2083	Rice blast
PHI:I1344	PHI:2084	Rice blast
PHI:I1345	PHI:2085	Rice blast
PHI:I1346	PHI:2086	Rice blast
PHI:I1347	PHI:2087	Rice blast
PHI:I1348	PHI:2088	Rice blast
PHI:I1349	PHI:2089	Rice blast
PHI:I1350	PHI:2090	Rice blast
PHI:I1351	PHI:2091	Rice blast
PHI:I1352	PHI:2091	Rice blast
PHI:I1353	PHI:2092	Rice blast
PHI:I1354	PHI:2092	Rice blast
PHI:I1355	PHI:2092	Rice blast
PHI:I1356	PHI:2093	Rice blast
PHI:I1357	PHI:2093	Rice blast
PHI:I1358	PHI:2093	Rice blast
PHI:I1359	PHI:2094	Rice blast
PHI:I1360	PHI:2094	Rice blast
PHI:I1361	PHI:2094	Rice blast
PHI:I1362	PHI:2095	Rice blast
PHI:I1363	PHI:2095	Rice blast
PHI:I1364	PHI:2095	Rice blast
PHI:I1365	PHI:2096	Rice blast
PHI:I1366	PHI:2096	Rice blast
PHI:I1367	PHI:2096	Rice blast
PHI:I1368	PHI:2097	Rice blast
PHI:I1369	PHI:2097	Rice blast
PHI:I1370	PHI:2097	Rice blast
PHI:I1371	PHI:2098	Rice blast
PHI:I1372	PHI:2098	Rice blast
PHI:I1373	PHI:2098	Rice blast
PHI:I1374	PHI:2099	Rice blast
PHI:I1375	PHI:2099	Rice blast
PHI:I1376	PHI:2099	Rice blast
PHI:I1377	PHI:2100	Rice blast
PHI:I1378	PHI:2100	Rice blast
PHI:I1379	PHI:2100	Rice blast
PHI:I1380	PHI:2101	Rice blast
PHI:I1381	PHI:2101	Rice blast
PHI:I1382	PHI:2101	Rice blast
PHI:I1383	PHI:2103	Rice blast
PHI:I1384	PHI:2103	Rice blast
PHI:I1385	PHI:2103	Rice blast
PHI:I1386	PHI:2105	Rice blast
PHI:I1387	PHI:2105	Rice blast
PHI:I1388	PHI:2105	Rice blast
PHI:I1389	PHI:2106	Rice blast
PHI:I1390	PHI:2106	Rice blast
PHI:I1391	PHI:2106	Rice blast
PHI:I1392	PHI:2107	Rice blast
PHI:I1393	PHI:2107	Rice blast
PHI:I1394	PHI:2107	Rice blast
PHI:I1395	PHI:2108	Rice blast
PHI:I1396	PHI:2108	Rice blast
PHI:I1397	PHI:2108	Rice blast
PHI:I1398	PHI:2109	Rice blast
PHI:I1399	PHI:2109	Rice blast
PHI:I1400	PHI:2109	Rice blast
PHI:I1401	PHI:2110	Rice blast
PHI:I1402	PHI:2110	Rice blast
PHI:I1403	PHI:2110	Rice blast
PHI:I1404	PHI:2112	Rice blast
PHI:I1405	PHI:2112	Rice blast
PHI:I1406	PHI:2112	Rice blast
PHI:I1407	PHI:2113	Rice blast
PHI:I1408	PHI:2113	Rice blast
PHI:I1409	PHI:2113	Rice blast
PHI:I1410	PHI:2114	Rice blast
PHI:I1411	PHI:2114	Rice blast
PHI:I1412	PHI:2114	Rice blast
PHI:I1413	PHI:2115	Rice blast
PHI:I1414	PHI:2115	Rice blast
PHI:I1415	PHI:2115	Rice blast
PHI:I1416	PHI:2116	Rice blast
PHI:I1417	PHI:2117	Rice blast
PHI:I1418	PHI:2117	Rice blast
PHI:I1419	PHI:2118	Rice blast
PHI:I1420	PHI:2119	Rice blast
PHI:I1421	PHI:2120	Rice blast
PHI:I1422	PHI:2121	Rice blast
PHI:I1423	PHI:2122	Rice blast
PHI:I1424	PHI:2123	Leaf blotch
PHI:I1425	PHI:2124	Leaf blotch
PHI:I1426	PHI:2125	Leaf blotch
PHI:I1427	PHI:2126	Leaf blotch
PHI:I1428	PHI:2127	Leaf blotch
PHI:I1429	PHI:2128	Rice blast
PHI:I1430	PHI:2129	Rice blast
PHI:I1431	PHI:2130	Rice blast
PHI:I1432	PHI:2131	Rice blast
PHI:I1433	PHI:2132	Rice blast
PHI:I1434	PHI:2133	Rice blast
PHI:I1435	PHI:2134	Rice blast
PHI:I1436	PHI:2135	Rice blast
PHI:I1437	PHI:2135	Rice blast
PHI:I1438	PHI:2135	Rice blast
PHI:I1439	PHI:2136	Rice blast
PHI:I1440	PHI:2136	Rice blast
PHI:I1441	PHI:2136	Rice blast
PHI:I1442	PHI:2136	Rice blast
PHI:I1443	PHI:2137	Rice blast
PHI:I1444	PHI:2137	Rice blast
PHI:I1445	PHI:2137	Rice blast
PHI:I1446	PHI:2137	Rice blast
PHI:I1447	PHI:2137	Rice blast
PHI:I1448	PHI:2137	Rice blast
PHI:I1449	PHI:2137	Rice blast
PHI:I1450	PHI:2138	Rice blast
PHI:I1451	PHI:2139	Rice blast
PHI:I1452	PHI:2138	Rice blast
PHI:I1453	PHI:2139	Rice blast
PHI:I1454	PHI:2140	Rice blast
PHI:I1455	PHI:2141	Rice blast
PHI:I1456	PHI:2142	Rice blast
PHI:I1457	PHI:2142	Rice blast
PHI:I1458	PHI:2143	Rice blast
PHI:I1459	PHI:2144	Rice blast
PHI:I1460	PHI:2145	Rice blast
PHI:I1461	PHI:2145	Rice blast
PHI:I1462	PHI:2147	Rice blast
PHI:I1463	PHI:2148	Rice blast
PHI:I1464	PHI:2149	Rice blast
PHI:I1465	PHI:2149	Rice blast
PHI:I1466	PHI:2149	Rice blast
PHI:I1467	PHI:2149	Rice blast
PHI:I1468	PHI:2150	Rice blast
PHI:I1469	PHI:2151	Rice blast
PHI:I1470	PHI:2152	Rice blast
PHI:I1471	PHI:2151	Rice blast
PHI:I1472	PHI:2152	Rice blast
PHI:I1473	PHI:2153	Rice blast
PHI:I1474	PHI:2153	Rice blast
PHI:I1475	PHI:2155	Rice blast
PHI:I1476	PHI:2156	Rice blast
PHI:I1477	PHI:2158	Rice blast
PHI:I1478	PHI:2159	Rice blast
PHI:I1479	PHI:2160	Rice blast
PHI:I1480	PHI:2159	Rice blast
PHI:I1481	PHI:2160	Rice blast
PHI:I1482	PHI:2159	Rice blast
PHI:I1483	PHI:2160	Rice blast
PHI:I1484	PHI:2161	Rice blast
PHI:I1485	PHI:2162	Rice blast
PHI:I1486	PHI:2163	Rice blast
PHI:I1487	PHI:2164	Rice blast
PHI:I1488	PHI:2165	Rice blast
PHI:I1489	PHI:2166	Rice blast
PHI:I1490	PHI:2167	Rice blast
PHI:I1491	PHI:2162	Rice blast
PHI:I1492	PHI:2163	Rice blast
PHI:I1493	PHI:2164	Rice blast
PHI:I1494	PHI:2165	Rice blast
PHI:I1495	PHI:2166	Rice blast
PHI:I1496	PHI:2167	Rice blast
PHI:I1497	PHI:2168	Rice blast
PHI:I1498	PHI:2169	Rice blast
PHI:I1499	PHI:2169	Rice blast
PHI:I1500	PHI:2170	Rice blast
PHI:I1501	PHI:2170	Rice blast
PHI:I1502	PHI:2171	Rice blast
PHI:I1503	PHI:2171	Rice blast
PHI:I1504	PHI:2172	Rice blast
PHI:I1505	PHI:2176	Rice blast
PHI:I1506	PHI:2177	Rice blast
PHI:I1507	PHI:2178	Rice blast
PHI:I1508	PHI:2179	Rice blast
PHI:I1509	PHI:2180	Rice blast
PHI:I1510	PHI:2180	Rice blast
PHI:I1511	PHI:2181	Rice blast
PHI:I1512	PHI:2182	Rice blast
PHI:I1513	PHI:2182	Rice blast
PHI:I1514	PHI:2182	Rice blast
PHI:I1515	PHI:2182	Rice blast
PHI:I1516	PHI:2183	Rice blast
PHI:I1517	PHI:2184	Rice blast
PHI:I1518	PHI:2185	Rice blast
PHI:I1519	PHI:2186	Rice blast
PHI:I1520	PHI:2185	Rice blast
PHI:I1521	PHI:2186	Rice blast
PHI:I1522	PHI:2187	Rice blast
PHI:I1523	PHI:2188	Rice blast
PHI:I1524	PHI:2187	Rice blast
PHI:I1525	PHI:2188	Rice blast
PHI:I1526	PHI:2189	Rice blast
PHI:I1527	PHI:2189	Rice blast
PHI:I1528	PHI:2190	Rice blast
PHI:I1529	PHI:2191	Rice blast
PHI:I1530	PHI:2192	Rice blast
PHI:I1531	PHI:2193	Rice blast
PHI:I1532	PHI:2194	Rice blast
PHI:I1533	PHI:2195	Rice blast
PHI:I1534	PHI:2196	Rice blast
PHI:I1535	PHI:2197	Rice blast
PHI:I1536	PHI:2198	Rice blast
PHI:I1537	PHI:2199	Rice blast
PHI:I1538	PHI:2192	Rice blast
PHI:I1539	PHI:2195	Rice blast
PHI:I1540	PHI:2200	Rice blast
PHI:I1541	PHI:2200	Rice blast
PHI:I1542	PHI:2201	Rice blast
PHI:I1543	PHI:2202	Rice blast
PHI:I1544	PHI:2203	Rice blast
PHI:I1545	PHI:2204	Rice blast
PHI:I1546	PHI:2205	Rice blast
PHI:I1547	PHI:2206	Rice blast
PHI:I1548	PHI:2207	Rice blast
PHI:I1549	PHI:2208	Rice blast
PHI:I1550	PHI:2209	Rice blast
PHI:I1551	PHI:2210	Rice blast
PHI:I1552	PHI:2211	Rice blast
PHI:I1553	PHI:2213	Rice blast
PHI:I1554	PHI:2214	Rice blast
PHI:I1555	PHI:2204	Rice blast
PHI:I1556	PHI:2205	Rice blast
PHI:I1557	PHI:2206	Rice blast
PHI:I1558	PHI:2207	Rice blast
PHI:I1559	PHI:2208	Rice blast
PHI:I1560	PHI:2209	Rice blast
PHI:I1561	PHI:2210	Rice blast
PHI:I1562	PHI:2211	Rice blast
PHI:I1563	PHI:2213	Rice blast
PHI:I1564	PHI:2214	Rice blast
PHI:I1565	PHI:2215	Rice blast
PHI:I1566	PHI:2216	Rice blast
PHI:I1567	PHI:2217	Corn smut
PHI:I1568	PHI:2217	Corn smut
PHI:I1569	PHI:2217	Corn smut
PHI:I1570	PHI:2217	Corn smut
PHI:I1571	PHI:2218	Corn smut
PHI:I1572	PHI:2218	Corn smut
PHI:I1573	PHI:2219	Corn smut
PHI:I1574	PHI:2220	Corn smut
PHI:I1575	PHI:2221	Corn smut
PHI:I1576	PHI:2221	Corn smut
PHI:I1577	PHI:2222	Corn smut
PHI:I1578	PHI:2223	Corn smut
PHI:I1579	PHI:2221	Corn smut
PHI:I1580	PHI:2222	Corn smut
PHI:I1581	PHI:2224	Corn smut
PHI:I1582	PHI:2224	Corn smut
PHI:I1583	PHI:2221	Corn smut
PHI:I1584	PHI:2222	Corn smut
PHI:I1585	PHI:2222	Corn smut
PHI:I1586	PHI:2225	Corn smut
PHI:I1587	PHI:2226	Corn smut
PHI:I1588	PHI:2226	Corn smut
PHI:I1589	PHI:2226	Corn smut
PHI:I1590	PHI:2226	Corn smut
PHI:I1591	PHI:2227	Corn smut
PHI:I1592	PHI:2227	Corn smut
PHI:I1593	PHI:2229	Corn smut
PHI:I1594	PHI:2230	Corn smut
PHI:I1595	PHI:2231	Corn smut
PHI:I1596	PHI:2229	Corn smut
PHI:I1597	PHI:2230	Corn smut
PHI:I1598	PHI:2231	Corn smut
PHI:I1599	PHI:2229	Corn smut
PHI:I1600	PHI:2229	Corn smut
PHI:I1601	PHI:2233	Corn smut
PHI:I1602	PHI:2233	Corn smut
PHI:I1603	PHI:2233	Corn smut
PHI:I1604	PHI:2234	Corn smut
PHI:I1605	PHI:2234	Corn smut
PHI:I1606	PHI:2234	Corn smut
PHI:I1607	PHI:2234	Corn smut
PHI:I1608	PHI:2235	Corn smut
PHI:I1609	PHI:2236	Corn smut
PHI:I1610	PHI:2237	Corn smut
PHI:I1611	PHI:2237	Corn smut
PHI:I1612	PHI:2237	Corn smut
PHI:I1613	PHI:2239	Corn smut
PHI:I1614	PHI:2239	Corn smut
PHI:I1615	PHI:2240	Corn smut
PHI:I1616	PHI:2244	Corn smut
PHI:I1617	PHI:2246	Corn smut
PHI:I1618	PHI:2246	Corn smut
PHI:I1619	PHI:2247	Glume blotch
PHI:I1620	PHI:2248	Glume blotch
PHI:I1621	PHI:2248	Glume blotch
PHI:I1622	PHI:2249	Glume blotch
PHI:I1623	PHI:2255	Glume blotch
PHI:I1624	PHI:2256	Glume blotch
PHI:I1625	PHI:2257	Glume blotch
PHI:I1626	PHI:2258	Spot blotch disease
PHI:I1627	PHI:2259	Spot blotch disease
PHI:I1628	PHI:2260	Spot blotch disease
PHI:I1629	PHI:2261	Spot blotch disease
PHI:I1630	PHI:2262	Glume blotch
PHI:I1631	PHI:2262	Glume blotch
PHI:I1632	PHI:2263	Glume blotch
PHI:I1633	PHI:2264	Glume blotch
PHI:I1634	PHI:2265	Glume blotch
PHI:I1635	PHI:2267	Glume blotch
PHI:I1636	PHI:2268	Glume blotch
PHI:I1637	PHI:2269	Glume blotch
PHI:I1638	PHI:2271	Glume blotch
PHI:I1639	PHI:2272	Glume blotch
PHI:I1640	PHI:2274	Ergot
PHI:I1641	PHI:2277	Vascular wilt
PHI:I1642	PHI:2277	Vascular wilt
PHI:I1643	PHI:2278	Vascular wilt
PHI:I1644	PHI:2279	Vascular wilt
PHI:I1645	PHI:2279	Vascular wilt
PHI:I1646	PHI:2280	Vascular wilt
PHI:I1647	PHI:2280	Vascular wilt
PHI:I1648	PHI:2280	Vascular wilt
PHI:I1649	PHI:2282	Vascular wilt
PHI:I1650	PHI:2283	Vascular wilt
PHI:I1651	PHI:2284	Vascular wilt
PHI:I1652	PHI:2284	Vascular wilt
PHI:I1653	PHI:2284	Vascular wilt
PHI:I1654	PHI:2285	Vascular wilt
PHI:I1655	PHI:2285	Vascular wilt
PHI:I1656	PHI:2285	Vascular wilt
PHI:I1657	PHI:2288	Black spot
PHI:I1658	PHI:2289	Grey mold rot
PHI:I1659	PHI:2291	Grey mold rot
PHI:I1660	PHI:2291	Grey mold rot
PHI:I1661	PHI:2291	Grey mold rot
PHI:I1662	PHI:2291	Grey mold rot
PHI:I1663	PHI:2291	Grey mold rot
PHI:I1664	PHI:2291	Grey mold rot
PHI:I1667	PHI:2294	Fusarium ear blight
PHI:I1668	PHI:2294	Fusarium ear blight
PHI:I1669	PHI:2295	Grey mold rot
PHI:I1670	PHI:2295	Grey mold rot
PHI:I1671	PHI:2295	Grey mold rot
PHI:I1672	PHI:2295	Grey mold rot
PHI:I1673	PHI:2296	Black spot
PHI:I1675	PHI:2298	Grey mold rot
PHI:I1676	PHI:2299	Rice blast
PHI:I1677	PHI:2300	Rice blast
PHI:I1678	PHI:2301	Rice blast
PHI:I1679	PHI:2299	Rice blast
PHI:I1680	PHI:2300	Rice blast
PHI:I1681	PHI:2301	Rice blast
PHI:I1682	PHI:2304	Grey mold rot
PHI:I1683	PHI:2304	Grey mold rot
PHI:I1684	PHI:2304	Grey mold rot
PHI:I1685	PHI:2305	Grey mold rot
PHI:I1686	PHI:2305	Grey mold rot
PHI:I1687	PHI:2305	Grey mold rot
PHI:I1688	PHI:2305	Grey mold rot
PHI:I1690	PHI:2307	Fusarium wilt
PHI:I1691	PHI:2308	Grey mold rot
PHI:I1692	PHI:2308	Grey mold rot
PHI:I1693	PHI:2308	Grey mold rot
PHI:I1694	PHI:2309	Grey mold rot
PHI:I1695	PHI:2310	Vascular wilt
PHI:I1696	PHI:2310	Vascular wilt
PHI:I1697	PHI:2311	Green muscardine disease
PHI:I1698	PHI:2312	Green muscardine disease
PHI:I1699	PHI:2313	Green muscardine disease
PHI:I1700	PHI:2315	Leaf blight
PHI:I1701	PHI:2316	Leaf blight
PHI:I1702	PHI:2315	Leaf blight
PHI:I1703	PHI:2316	Leaf blight
PHI:I1704	PHI:2315	Leaf blight
PHI:I1705	PHI:2316	Leaf blight
PHI:I1706	PHI:2315	Leaf blight
PHI:I1707	PHI:2316	Leaf blight
PHI:I1708	PHI:2319	Grey mould
PHI:I1711	PHI:2323	No data found
PHI:I1712	PHI:2329	Frog-eye leafspot
PHI:I1713	PHI:2330	Dry bubble disease
PHI:I1714	PHI:2331	Verticillium wilt
PHI:I1715	PHI:2331	Verticillium wilt
PHI:I1716	PHI:2331	Verticillium wilt
PHI:I1717	PHI:2331	Verticillium wilt
PHI:I1718	PHI:2332	Panicle blight
PHI:I1719	PHI:2333	Panicle blight
PHI:I1720	PHI:2334	Grey mould
PHI:I1721	PHI:2334	Grey mould
PHI:I1722	PHI:2336	Wheat glume blotch disease
PHI:I1723	PHI:2336	Wheat glume blotch disease
PHI:I1725	PHI:2338	Covered smut
PHI:I1726	PHI:2339	Covered smut
PHI:I1727	PHI:2340	Bacterial grain rot
PHI:I1728	PHI:2340	Bacterial grain rot
PHI:I1729	PHI:2340	Bacterial grain rot
PHI:I1730	PHI:2341	Grey mould
PHI:I1731	PHI:2342	Grey mould
PHI:I1732	PHI:2343	Phytophthora blight
PHI:I1733	PHI:2344	Leaf mold
PHI:I1734	PHI:2344	Leaf mold
PHI:I1735	PHI:2344	Leaf mold
PHI:I1736	PHI:2345	Maize stalk rot
PHI:I1737	PHI:2347	Grey mould
PHI:I1738	PHI:2347	Grey mould
PHI:I1739	PHI:2351	Fusarium head blight
PHI:I1740	PHI:2351	Fusarium head blight
PHI:I1741	PHI:2351	Fusarium head blight
PHI:I1742	PHI:2352	Fusarium head blight
PHI:I1743	PHI:2352	Fusarium head blight
PHI:I1744	PHI:2352	Fusarium head blight
PHI:I1745	PHI:2353	Fusarium head blight
PHI:I1746	PHI:2353	Fusarium head blight
PHI:I1747	PHI:2353	Fusarium head blight
PHI:I1748	PHI:2355	Fusarium head blight
PHI:I1749	PHI:2355	Fusarium head blight
PHI:I1750	PHI:2355	Fusarium head blight
PHI:I1751	PHI:2356	Rice Blast
PHI:I1752	PHI:2357	no data found
PHI:I1753	PHI:2358	Invasive pulmonary aspergillosis
PHI:I1754	PHI:2359	Gray mold
PHI:I1755	PHI:2359	Gray mold
PHI:I1756	PHI:2359	Gray mold
PHI:I1757	PHI:2359	Gray mold
PHI:I1758	PHI:2359	Gray mold
PHI:I1759	PHI:2361	White mold
PHI:I1760	PHI:2361	White mold
PHI:I1761	PHI:2363	Maize smut disease
PHI:I1762	PHI:2365	Southern corn leaf blight
PHI:I1763	PHI:2367	Southern corn leaf blight
PHI:I1764	PHI:2368	Gray mold
PHI:I1765	PHI:2369	Gray mold
PHI:I1766	PHI:2370	Gray mold
PHI:I1767	PHI:2371	Gray mold
PHI:I1768	PHI:2372	Gray mold
PHI:I1769	PHI:2368	Gray mold
PHI:I1770	PHI:2369	Gray mold
PHI:I1771	PHI:2370	Gray mold
PHI:I1772	PHI:2371	Gray mold
PHI:I1773	PHI:2372	Gray mold
PHI:I1774	PHI:2368	Gray mold
PHI:I1775	PHI:2369	Gray mold
PHI:I1776	PHI:2370	Gray mold
PHI:I1777	PHI:2371	Gray mold
PHI:I1778	PHI:2372	Gray mold
PHI:I1779	PHI:2374	Gray mold
PHI:I1780	PHI:2374	Gray mold
PHI:I1781	PHI:2374	Gray mold
PHI:I1782	PHI:2374	Gray mold
PHI:I1783	PHI:2375	Black spot disease
PHI:I1784	PHI:2376	Black spot disease
PHI:I1785	PHI:2377	Black spot disease
PHI:I1786	PHI:2378	Black spot disease
PHI:I1787	PHI:2379	Black spot disease
PHI:I1788	PHI:2380	Black spot disease
PHI:I1789	PHI:2375	Black spot disease
PHI:I1790	PHI:2376	Black spot disease
PHI:I1791	PHI:2377	Black spot disease
PHI:I1792	PHI:2378	Black spot disease
PHI:I1793	PHI:2379	Black spot disease
PHI:I1794	PHI:2380	Black spot disease
PHI:I1795	PHI:2375	Black spot disease
PHI:I1796	PHI:2376	Black spot disease
PHI:I1797	PHI:2377	Black spot disease
PHI:I1798	PHI:2378	Black spot disease
PHI:I1799	PHI:2379	Black spot disease
PHI:I1800	PHI:2380	Black spot disease
PHI:I1801	PHI:2381	Maize smut disease
PHI:I1802	PHI:2381	Maize smut disease
PHI:I1803	PHI:2382	Maize smut disease
PHI:I1804	PHI:2383	Brown rot
PHI:I1805	PHI:2383	Brown rot
PHI:I1806	PHI:2383	Brown rot
PHI:I1807	PHI:2383	Brown rot
PHI:I1808	PHI:2384	Maize smut disease
PHI:I1809	PHI:2384	Maize smut disease
PHI:I1810	PHI:2385	Fusarium head blight
PHI:I1811	PHI:2385	Fusarium head blight
PHI:I1812	PHI:2386	Fusarium head blight
PHI:I1813	PHI:2387	Fusarium head blight
PHI:I1814	PHI:2388	no data found
PHI:I1815	PHI:2388	no data found
PHI:I1816	PHI:2389	no data found
PHI:I1817	PHI:2390	no data found
PHI:I1818	PHI:2391	no data found
PHI:I1819	PHI:2389	Downy mildew
PHI:I1820	PHI:2390	Downy mildew
PHI:I1821	PHI:2391	Downy mildew
PHI:I1822	PHI:2392	no data found
PHI:I1823	PHI:2393	Fusarium head blight
PHI:I1824	PHI:2393	Fusarium head blight
PHI:I1825	PHI:2394	Fusarium head blight
PHI:I1826	PHI:2395	Fusarium head blight
PHI:I1827	PHI:2396	Fusarium head blight
PHI:I1828	PHI:2397	no data found
PHI:I1829	PHI:2398	no data found
PHI:I1830	PHI:2399	Fusarium head blight
PHI:I1831	PHI:2400	Fusarium head blight
PHI:I1832	PHI:2399	Fusarium head blight
PHI:I1833	PHI:2400	Fusarium head blight
PHI:I1834	PHI:2399	Fusarium head blight
PHI:I1835	PHI:2400	Fusarium head blight
PHI:I1836	PHI:2401	no data found
PHI:I1837	PHI:2401	no data found
PHI:I1838	PHI:2401	no data found
PHI:I1839	PHI:2401	Downy mildew
PHI:I1840	PHI:2402	Downy mildew
PHI:I1841	PHI:2402	Downy mildew
PHI:I1842	PHI:2403	no data found
PHI:I1843	PHI:2403	no data found
PHI:I1844	PHI:2404	Rice Blast
PHI:I1845	PHI:2405	Rice Blast
PHI:I1846	PHI:2406	Rice Blast
PHI:I1847	PHI:2407	Rice Blast
PHI:I1848	PHI:2408	Fusarium head blight
PHI:I1849	PHI:2409	Fusarium head blight
PHI:I1850	PHI:2408	Fusarium head blight
PHI:I1851	PHI:2409	Fusarium head blight
PHI:I1852	PHI:2408	Fusarium head blight
PHI:I1853	PHI:2409	Fusarium head blight
PHI:I1854	PHI:2408	Fusarium head blight
PHI:I1855	PHI:2409	Fusarium head blight
PHI:I1856	PHI:2410	Downy mildew
PHI:I1857	PHI:2410	Downy mildew
PHI:I1858	PHI:2410	Downy mildew
PHI:I1859	PHI:2410	Downy mildew
PHI:I1860	PHI:2411	White mold/stem rot
PHI:I1861	PHI:2412	Bacterial spot disease
PHI:I1862	PHI:2413	Anthracnose stalk rot and leaf blight of maize
PHI:I1866	PHI:2418	Fusarium head blight
PHI:I1867	PHI:2419	Fusarium head blight
PHI:I1868	PHI:2420	Downy mildew
PHI:I1869	PHI:2420	Downy mildew
PHI:I1870	PHI:2420	Downy mildew
PHI:I1871	PHI:2421	Downy mildew
PHI:I1872	PHI:2421	Downy mildew
PHI:I1873	PHI:2421	Downy mildew
PHI:I1874	PHI:2422	Downy mildew
PHI:I1875	PHI:2422	Downy mildew
PHI:I1876	PHI:2422	Downy mildew
PHI:I1877	PHI:2423	Downy mildew
PHI:I1878	PHI:2423	Downy mildew
PHI:I1879	PHI:2423	Downy mildew
PHI:I1880	PHI:2425	Southern corn leaf blight
PHI:I1881	PHI:2425	Southern corn leaf blight
PHI:I1882	PHI:2426	Vascular wilt
PHI:I1883	PHI:2426	Vascular wilt
PHI:I1884	PHI:2426	Vascular wilt
PHI:I1885	PHI:2427	Fusarium head blight
PHI:I1886	PHI:2429	White muscardine disease
PHI:I1887	PHI:2430	Fusarium head blight
PHI:I1888	PHI:2430	Fusarium head blight
PHI:I1889	PHI:2432	Fusarium head blight
PHI:I1890	PHI:2433	Fusarium head blight
PHI:I1891	PHI:2434	Fusarium head blight
PHI:I1893	PHI:2438	Leaf blotch
PHI:I1894	PHI:2438	Leaf blotch
PHI:I1895	PHI:2439	Panicle blight
PHI:I1896	PHI:2440	Panicle blight
PHI:I1897	PHI:2439	Panicle blight
PHI:I1898	PHI:2440	Panicle blight
PHI:I1899	PHI:2441	Leaf blotch
PHI:I1900	PHI:2443	no data found
PHI:I1901	PHI:2444	no data found
PHI:I1902	PHI:2445	Bacterial blight of Rice
PHI:I1903	PHI:2446	Bacterial blight of Rice
PHI:I1904	PHI:2448	Citrus brown spots
PHI:I1905	PHI:2610	no data found
PHI:I1906	PHI:2450	Tan spot
PHI:I1907	PHI:2451	Fusarium head blight
PHI:I1908	PHI:2452	Fusarium head blight
PHI:I1909	PHI:2451	Fusarium head blight
PHI:I1910	PHI:2452	Fusarium head blight
PHI:I1911	PHI:2453	Muskmelon wilt disease
PHI:I1912	PHI:2453	Muskmelon wilt disease
PHI:I1913	PHI:2456	Fire blight
PHI:I1914	PHI:2457	Fire blight
PHI:I1915	PHI:2458	Fire blight
PHI:I1916	PHI:2459	Fire blight
PHI:I1917	PHI:2464	Fire blight
PHI:I1918	PHI:2465	Fire blight
PHI:I1919	PHI:2466	Fire blight
PHI:I1920	PHI:2464	Fire blight
PHI:I1921	PHI:2465	Fire blight
PHI:I1922	PHI:2466	Fire blight
PHI:I1923	PHI:2467	Fire blight
PHI:I1924	PHI:2468	Fire blight
PHI:I1925	PHI:2467	Fire blight
PHI:I1926	PHI:2468	Fire blight
PHI:I1927	PHI:2469	Fire blight
PHI:I1928	PHI:2470	Bacterial leaf blight
PHI:I1929	PHI:2471	Fire blight
PHI:I1930	PHI:2471	Fire blight
PHI:I1931	PHI:2472	Fire blight
PHI:I1932	PHI:2472	Fire blight
PHI:I1933	PHI:2473	Stewartâ€™s bacterial wilt and leaf blight
PHI:I1936	PHI:2475	Fire blight
PHI:I1937	PHI:2475	Fire blight
PHI:I1938	PHI:2476	Anthracnose
PHI:I1939	PHI:2476	Anthracnose
PHI:I1940	PHI:2477	Chestnut blight fungus
PHI:I1941	PHI:2478	Bacterial wilt
PHI:I1942	PHI:2478	Bacterial wilt
PHI:I1943	PHI:2478	Bacterial wilt
PHI:I1944	PHI:2478	Bacterial wilt
PHI:I1945	PHI:2479	Soft rot disease
PHI:I1946	PHI:2479	Soft rot disease
PHI:I1947	PHI:2479	Soft rot disease
PHI:I1948	PHI:2479	Soft rot disease
PHI:I1949	PHI:2480	Citrus canker
PHI:I1950	PHI:2481	Citrus canker
PHI:I1951	PHI:2482	Brown spot disease
PHI:I1952	PHI:2482	Brown spot disease
PHI:I1953	PHI:2483	Grey mould fungus
PHI:I1954	PHI:2483	Grey mould fungus
PHI:I1955	PHI:2484	Grey mould fungus
PHI:I1956	PHI:2485	Grey mould fungus
PHI:I1957	PHI:2486	Grey mould fungus
PHI:I1958	PHI:2487	Grey mould fungus
PHI:I1959	PHI:2487	Grey mould fungus
PHI:I1960	PHI:2484	Grey mould fungus
PHI:I1961	PHI:2485	Grey mould fungus
PHI:I1962	PHI:2486	Grey mould fungus
PHI:I1963	PHI:2487	Grey mould fungus
PHI:I1964	PHI:2487	Grey mould fungus
PHI:I1965	PHI:2488	Rice Blast
PHI:I1966	PHI:2489	Bacterial leaf blight
PHI:I1969	PHI:2491	Fusarium head blight
PHI:I1970	PHI:2492	no data found
PHI:I1971	PHI:2493	Black rot of crucifers
PHI:I1972	PHI:2494	Black rot of crucifers
PHI:I1973	PHI:2495	Black rot of crucifers
PHI:I1974	PHI:2496	Black rot of crucifers
PHI:I1975	PHI:2497	Maize Smut Disease
PHI:I1976	PHI:2498	Maize Smut Disease
PHI:I1977	PHI:2499	Fire blight
PHI:I1978	PHI:2500	Fire blight
PHI:I1979	PHI:2501	Fire blight
PHI:I1980	PHI:2503	Invasive pulmonary aspergillosis
PHI:I1981	PHI:2506	Black spot disease
PHI:I1982	PHI:2509	Invasive pulmonary aspergillosis
PHI:I1983	PHI:2510	Invasive pulmonary aspergillosis
PHI:I1984	PHI:2511	Invasive pulmonary aspergillosis
PHI:I1985	PHI:2530	Invasive pulmonary aspergillosis
PHI:I1986	PHI:2527	Invasive pulmonary aspergillosis
PHI:I1987	PHI:2543	Invasive pulmonary aspergillosis
PHI:I1988	PHI:2513	Invasive pulmonary aspergillosis
PHI:I1989	PHI:2538	Invasive pulmonary aspergillosis
PHI:I1990	PHI:2536	Invasive pulmonary aspergillosis
PHI:I1991	PHI:2534	Invasive pulmonary aspergillosis
PHI:I1992	PHI:2535	Invasive pulmonary aspergillosis
PHI:I2001	PHI:2607	Invasive pulmonary aspergillosis
PHI:I2002	PHI:2607	Invasive pulmonary aspergillosis
PHI:I2021	PHI:2564	Candidemia
PHI:I2030	PHI:2574	Chagas Disease
PHI:I2031	PHI:2576	Chagas Disease
PHI:I2032	PHI:2576	Chagas Disease
PHI:I2033	PHI:2580	Chagas Disease
PHI:I2034	PHI:2582	Maize smut disease
PHI:I2035	PHI:2583	Maize smut disease
PHI:I2036	PHI:2586	Maize smut disease
PHI:I2037	PHI:2587	Leaf spot disease
PHI:I2038	PHI:2587	Leaf spot disease
PHI:I2040	PHI:2590	Tomato wilt
PHI:I2041	PHI:2593	Chagas Disease
PHI:I2042	PHI:2593	Chagas Disease
PHI:I2043	PHI:2595	Chagas Disease
PHI:I2044	PHI:2597	Chagas Disease
PHI:I2045	PHI:2597	Chagas Disease
PHI:I2046	PHI:2601	Chagas Disease
PHI:I2047	PHI:2602	Maize smut disease
PHI:I2048	PHI:2603	Maize smut disease
PHI:I2049	PHI:2604	Maize smut disease
PHI:I2050	PHI:2605	Maize smut disease
PHI:I2051	PHI:2607	Maize smut disease
PHI:I2052	PHI:2608	Leaf spot disease
PHI:I2053	PHI:2608	Leaf spot disease
PHI:I2055	PHI:2611	Tomato wilt
PHI:I2056	PHI:2614	Chagas Disease
PHI:I2057	PHI:2614	Chagas Disease
PHI:I2058	PHI:2615	Toxoplasmic encephalitis
PHI:I2060	PHI:2617	Disseminated candidiasis
PHI:I2061	PHI:2618	Disseminated candidiasis
PHI:I2062	PHI:2619	Diarrhea, pseudomembranous colitis, and toxic megacolon
PHI:I2063	PHI:2620	Septicemia
PHI:I2064	PHI:2621	Food poisoning
PHI:I2065	PHI:2622	Food poisoning
PHI:I2066	PHI:2623	Food poisoning
PHI:I2067	PHI:2624	Food poisoning
PHI:I2068	PHI:2625	Food poisoning
PHI:I2069	PHI:2626	Food poisoning
PHI:I2070	PHI:2627	Food poisoning
PHI:I2071	PHI:2628	Food poisoning
PHI:I2077	PHI:2632	Community-associated and nosocomial infections
PHI:I2078	PHI:2633	Community-associated and nosocomial infections
PHI:I2079	PHI:2635	Community-associated and nosocomial infections
PHI:I2080	PHI:2636	Toxoplasmic encephalitis
PHI:I2081	PHI:2637	Lyme disease
PHI:I2082	PHI:2638	Invasive pulmonary aspergillosis
PHI:I2083	PHI:2639	Invasive pulmonary aspergillosis
PHI:I2084	PHI:2640	Opportunistic infections
PHI:I2085	PHI:2641	Opportunistic infections
PHI:I2086	PHI:2642	Edwardsiellosis
PHI:I2088	PHI:2644	Food poisoning
PHI:I2089	PHI:2644	Food poisoning
PHI:I2090	PHI:2645	Bordetellosis
PHI:I2091	PHI:2646	Colibacillosis, cellulitis and swollen head syndrome
PHI:I2092	PHI:2647	Colibacillosis, cellulitis and swollen head syndrome
PHI:I2093	PHI:2648	Colibacillosis, cellulitis and swollen head syndrome
PHI:I2095	PHI:2650	Salmonellosis
PHI:I2096	PHI:2650	Salmonellosis
PHI:I2097	PHI:2651	Food poisoning
PHI:I2098	PHI:2651	Food poisoning
PHI:I2099	PHI:2652	Urinary tract infections, nosocomial pneumonia, intra-abdominal infections
PHI:I2100	PHI:2653	Grey mould fungus
PHI:I2101	PHI:2653	Grey mould fungus
PHI:I2102	PHI:2653	Grey mould fungus
PHI:I2103	PHI:2654	Disseminated candidiasis
PHI:I2104	PHI:2656	Food poisoning
PHI:I2105	PHI:2657	Crown gall disease
PHI:I2106	PHI:2658	Crown gall disease
PHI:I2107	PHI:2659	Crown gall disease
PHI:I2108	PHI:2660	Crown gall disease
PHI:I2109	PHI:2661	Invasive pulmonary aspergillosis
PHI:I2112	PHI:2663	Chagas Disease
PHI:I2113	PHI:2664	Panicle blight
PHI:I2114	PHI:2665	Panicle blight
PHI:I2115	PHI:2666	Panicle blight
PHI:I2116	PHI:2664	Panicle blight
PHI:I2117	PHI:2665	Panicle blight
PHI:I2118	PHI:2666	Panicle blight
PHI:I2120	PHI:2668	Grey mould fungus
PHI:I2121	PHI:2669	Nosocomial infections
PHI:I2122	PHI:2670	Nosocomial infections
PHI:I2123	PHI:2670	Nosocomial infections
PHI:I2124	PHI:2670	Nosocomial infections
PHI:I2125	PHI:2671	Food poisoning
PHI:I2126	PHI:2672	Food poisoning
PHI:I2127	PHI:2673	Food poisoning
PHI:I2128	PHI:2674	Food poisoning
PHI:I2129	PHI:2676	Food poisoning
PHI:I2130	PHI:2678	Food poisoning
PHI:I2131	PHI:2679	Food poisoning
PHI:I2132	PHI:2680	Food poisoning
PHI:I2133	PHI:2681	Food poisoning
PHI:I2134	PHI:2682	Food poisoning
PHI:I2135	PHI:2683	Food poisoning
PHI:I2136	PHI:2684	Food poisoning
PHI:I2137	PHI:2685	Food poisoning
PHI:I2138	PHI:2687	Food poisoning
PHI:I2139	PHI:2688	no data found
PHI:I2141	PHI:2690	Crohnâ€™s disease
PHI:I2142	PHI:2691	Disseminated candidiasis
PHI:I2143	PHI:2692	Soybean stem and root rot
PHI:I2144	PHI:2693	no data found
PHI:I2145	PHI:2694	Rotting of tubers
PHI:I2145	PHI:2694	blackleg disease of the plant stem
PHI:I2146	PHI:2694	Rotting of tubers
PHI:I2146	PHI:2694	blackleg disease of the plant stem
PHI:I2147	PHI:2698	Barley leaf scald
PHI:I2148	PHI:2698	Barley leaf scald
PHI:I2149	PHI:2698	Barley leaf scald
PHI:I2150	PHI:2698	Barley leaf scald
PHI:I2151	PHI:2698	Barley leaf scald
PHI:I2152	PHI:2698	Barley leaf scald
PHI:I2153	PHI:2698	Barley leaf scald
PHI:I2154	PHI:2698	Barley leaf scald
PHI:I2155	PHI:2699	Citrus canker
PHI:I2156	PHI:2699	Citrus canker
PHI:I2157	PHI:2700	Cucumber anthracnose
PHI:I2158	PHI:2701	Citrus canker
PHI:I2159	PHI:2702	Citrus canker
PHI:I2160	PHI:2703	Citrus canker
PHI:I2161	PHI:2705	Common scab of potato
PHI:I2162	PHI:2706	Common scab of potato
PHI:I2163	PHI:2707	Common scab of potato
PHI:I2164	PHI:2708	Common scab of potato
PHI:I2165	PHI:2705	Common scab of potato
PHI:I2166	PHI:2706	Common scab of potato
PHI:I2167	PHI:2707	Common scab of potato
PHI:I2168	PHI:2708	Common scab of potato
PHI:I2169	PHI:2705	Common scab of potato
PHI:I2170	PHI:2706	Common scab of potato
PHI:I2171	PHI:2707	Common scab of potato
PHI:I2172	PHI:2708	Common scab of potato
PHI:I2173	PHI:2710	Anthracnose
PHI:I2174	PHI:2711	Vascular wilt
PHI:I2175	PHI:2712	Vascular wilt
PHI:I2176	PHI:2711	Vascular wilt
PHI:I2177	PHI:2712	Vascular wilt
PHI:I2178	PHI:2711	Vascular wilt
PHI:I2179	PHI:2712	Vascular wilt
PHI:I2180	PHI:2713	Cassava bacterial blight
PHI:I2181	PHI:2714	Fusarium head blight
PHI:I2182	PHI:2715	Fusarium head blight
PHI:I2183	PHI:2716	Fusarium head blight
PHI:I2184	PHI:2717	Bacterial leaf blight
PHI:I2185	PHI:2718	Bacterial leaf blight
PHI:I2186	PHI:2719	Bacterial leaf blight
PHI:I2187	PHI:2720	Bacterial leaf blight
PHI:I2188	PHI:2721	Bacterial leaf blight
PHI:I2189	PHI:2722	Bacterial leaf blight
PHI:I2190	PHI:2717	Bacterial leaf blight
PHI:I2191	PHI:2718	Bacterial leaf blight
PHI:I2192	PHI:2719	Bacterial leaf blight
PHI:I2193	PHI:2720	Bacterial leaf blight
PHI:I2194	PHI:2721	Bacterial leaf blight
PHI:I2195	PHI:2722	Bacterial leaf blight
PHI:I2196	PHI:2717	Bacterial leaf blight
PHI:I2197	PHI:2718	Bacterial leaf blight
PHI:I2198	PHI:2719	Bacterial leaf blight
PHI:I2199	PHI:2720	Bacterial leaf blight
PHI:I2200	PHI:2721	Bacterial leaf blight
PHI:I2201	PHI:2722	Bacterial leaf blight
PHI:I2202	PHI:2717	Bacterial leaf blight
PHI:I2203	PHI:2718	Bacterial leaf blight
PHI:I2204	PHI:2719	Bacterial leaf blight
PHI:I2205	PHI:2720	Bacterial leaf blight
PHI:I2206	PHI:2721	Bacterial leaf blight
PHI:I2207	PHI:2722	Bacterial leaf blight
PHI:I2208	PHI:2717	Bacterial leaf blight
PHI:I2209	PHI:2718	Bacterial leaf blight
PHI:I2210	PHI:2719	Bacterial leaf blight
PHI:I2211	PHI:2720	Bacterial leaf blight
PHI:I2212	PHI:2721	Bacterial leaf blight
PHI:I2213	PHI:2722	Bacterial leaf blight
PHI:I2214	PHI:2717	Bacterial leaf blight
PHI:I2215	PHI:2718	Bacterial leaf blight
PHI:I2216	PHI:2719	Bacterial leaf blight
PHI:I2217	PHI:2720	Bacterial leaf blight
PHI:I2218	PHI:2721	Bacterial leaf blight
PHI:I2219	PHI:2722	Bacterial leaf blight
PHI:I2220	PHI:2717	Bacterial leaf blight
PHI:I2221	PHI:2718	Bacterial leaf blight
PHI:I2222	PHI:2719	Bacterial leaf blight
PHI:I2223	PHI:2720	Bacterial leaf blight
PHI:I2224	PHI:2721	Bacterial leaf blight
PHI:I2225	PHI:2722	Bacterial leaf blight
PHI:I2226	PHI:2717	Bacterial leaf blight
PHI:I2227	PHI:2718	Bacterial leaf blight
PHI:I2228	PHI:2719	Bacterial leaf blight
PHI:I2229	PHI:2720	Bacterial leaf blight
PHI:I2230	PHI:2721	Bacterial leaf blight
PHI:I2231	PHI:2722	Bacterial leaf blight
PHI:I2232	PHI:2717	Bacterial leaf blight
PHI:I2233	PHI:2718	Bacterial leaf blight
PHI:I2234	PHI:2719	Bacterial leaf blight
PHI:I2235	PHI:2720	Bacterial leaf blight
PHI:I2236	PHI:2721	Bacterial leaf blight
PHI:I2237	PHI:2722	Bacterial leaf blight
PHI:I2238	PHI:2717	Bacterial leaf blight
PHI:I2239	PHI:2718	Bacterial leaf blight
PHI:I2240	PHI:2719	Bacterial leaf blight
PHI:I2241	PHI:2720	Bacterial leaf blight
PHI:I2242	PHI:2721	Bacterial leaf blight
PHI:I2243	PHI:2722	Bacterial leaf blight
PHI:I2244	PHI:2717	Bacterial leaf blight
PHI:I2245	PHI:2718	Bacterial leaf blight
PHI:I2246	PHI:2719	Bacterial leaf blight
PHI:I2247	PHI:2720	Bacterial leaf blight
PHI:I2248	PHI:2721	Bacterial leaf blight
PHI:I2249	PHI:2722	Bacterial leaf blight
PHI:I2250	PHI:2717	Bacterial leaf blight
PHI:I2251	PHI:2718	Bacterial leaf blight
PHI:I2252	PHI:2719	Bacterial leaf blight
PHI:I2253	PHI:2720	Bacterial leaf blight
PHI:I2254	PHI:2721	Bacterial leaf blight
PHI:I2255	PHI:2722	Bacterial leaf blight
PHI:I2256	PHI:2717	Bacterial leaf blight
PHI:I2257	PHI:2718	Bacterial leaf blight
PHI:I2258	PHI:2719	Bacterial leaf blight
PHI:I2259	PHI:2720	Bacterial leaf blight
PHI:I2260	PHI:2721	Bacterial leaf blight
PHI:I2261	PHI:2722	Bacterial leaf blight
PHI:I2262	PHI:2717	Bacterial leaf blight
PHI:I2263	PHI:2718	Bacterial leaf blight
PHI:I2264	PHI:2719	Bacterial leaf blight
PHI:I2265	PHI:2720	Bacterial leaf blight
PHI:I2266	PHI:2721	Bacterial leaf blight
PHI:I2267	PHI:2722	Bacterial leaf blight
PHI:I2268	PHI:2717	Bacterial leaf blight
PHI:I2269	PHI:2718	Bacterial leaf blight
PHI:I2270	PHI:2719	Bacterial leaf blight
PHI:I2271	PHI:2720	Bacterial leaf blight
PHI:I2272	PHI:2721	Bacterial leaf blight
PHI:I2273	PHI:2722	Bacterial leaf blight
PHI:I2274	PHI:2717	Bacterial leaf blight
PHI:I2275	PHI:2718	Bacterial leaf blight
PHI:I2276	PHI:2719	Bacterial leaf blight
PHI:I2277	PHI:2720	Bacterial leaf blight
PHI:I2278	PHI:2721	Bacterial leaf blight
PHI:I2279	PHI:2722	Bacterial leaf blight
PHI:I2280	PHI:2717	Bacterial leaf blight
PHI:I2281	PHI:2718	Bacterial leaf blight
PHI:I2282	PHI:2719	Bacterial leaf blight
PHI:I2283	PHI:2720	Bacterial leaf blight
PHI:I2284	PHI:2721	Bacterial leaf blight
PHI:I2285	PHI:2722	Bacterial leaf blight
PHI:I2286	PHI:2717	Bacterial leaf blight
PHI:I2287	PHI:2718	Bacterial leaf blight
PHI:I2288	PHI:2719	Bacterial leaf blight
PHI:I2289	PHI:2720	Bacterial leaf blight
PHI:I2290	PHI:2721	Bacterial leaf blight
PHI:I2291	PHI:2722	Bacterial leaf blight
PHI:I2292	PHI:2717	Bacterial leaf blight
PHI:I2293	PHI:2718	Bacterial leaf blight
PHI:I2294	PHI:2719	Bacterial leaf blight
PHI:I2295	PHI:2720	Bacterial leaf blight
PHI:I2296	PHI:2721	Bacterial leaf blight
PHI:I2297	PHI:2722	Bacterial leaf blight
PHI:I2298	PHI:2717	Bacterial leaf blight
PHI:I2299	PHI:2718	Bacterial leaf blight
PHI:I2300	PHI:2719	Bacterial leaf blight
PHI:I2301	PHI:2720	Bacterial leaf blight
PHI:I2302	PHI:2721	Bacterial leaf blight
PHI:I2303	PHI:2722	Bacterial leaf blight
PHI:I2304	PHI:2717	Bacterial leaf blight
PHI:I2305	PHI:2718	Bacterial leaf blight
PHI:I2306	PHI:2719	Bacterial leaf blight
PHI:I2307	PHI:2720	Bacterial leaf blight
PHI:I2308	PHI:2721	Bacterial leaf blight
PHI:I2309	PHI:2722	Bacterial leaf blight
PHI:I2310	PHI:2717	Bacterial leaf streak
PHI:I2311	PHI:2718	Bacterial leaf streak
PHI:I2312	PHI:2719	Bacterial leaf streak
PHI:I2313	PHI:2720	Bacterial leaf streak
PHI:I2314	PHI:2721	Bacterial leaf streak
PHI:I2315	PHI:2722	Bacterial leaf streak
PHI:I2316	PHI:2717	Bacterial leaf streak
PHI:I2317	PHI:2718	Bacterial leaf streak
PHI:I2318	PHI:2719	Bacterial leaf streak
PHI:I2319	PHI:2720	Bacterial leaf streak
PHI:I2320	PHI:2721	Bacterial leaf streak
PHI:I2321	PHI:2722	Bacterial leaf streak
PHI:I2322	PHI:2717	Bacterial leaf streak
PHI:I2323	PHI:2718	Bacterial leaf streak
PHI:I2324	PHI:2719	Bacterial leaf streak
PHI:I2325	PHI:2720	Bacterial leaf streak
PHI:I2326	PHI:2721	Bacterial leaf streak
PHI:I2327	PHI:2722	Bacterial leaf streak
PHI:I2328	PHI:2717	Bacterial leaf streak
PHI:I2329	PHI:2718	Bacterial leaf streak
PHI:I2330	PHI:2719	Bacterial leaf streak
PHI:I2331	PHI:2720	Bacterial leaf streak
PHI:I2332	PHI:2721	Bacterial leaf streak
PHI:I2333	PHI:2722	Bacterial leaf streak
PHI:I2334	PHI:2717	Bacterial leaf streak
PHI:I2335	PHI:2718	Bacterial leaf streak
PHI:I2336	PHI:2719	Bacterial leaf streak
PHI:I2337	PHI:2720	Bacterial leaf streak
PHI:I2338	PHI:2721	Bacterial leaf streak
PHI:I2339	PHI:2722	Bacterial leaf streak
PHI:I2340	PHI:2717	Bacterial leaf streak
PHI:I2341	PHI:2718	Bacterial leaf streak
PHI:I2342	PHI:2719	Bacterial leaf streak
PHI:I2343	PHI:2720	Bacterial leaf streak
PHI:I2344	PHI:2721	Bacterial leaf streak
PHI:I2345	PHI:2722	Bacterial leaf streak
PHI:I2346	PHI:2717	Bacterial leaf streak
PHI:I2347	PHI:2718	Bacterial leaf streak
PHI:I2348	PHI:2719	Bacterial leaf streak
PHI:I2349	PHI:2720	Bacterial leaf streak
PHI:I2350	PHI:2721	Bacterial leaf streak
PHI:I2351	PHI:2722	Bacterial leaf streak
PHI:I2352	PHI:2717	Bacterial leaf streak
PHI:I2353	PHI:2718	Bacterial leaf streak
PHI:I2354	PHI:2719	Bacterial leaf streak
PHI:I2355	PHI:2720	Bacterial leaf streak
PHI:I2356	PHI:2721	Bacterial leaf streak
PHI:I2357	PHI:2722	Bacterial leaf streak
PHI:I2358	PHI:2717	Bacterial leaf streak
PHI:I2359	PHI:2718	Bacterial leaf streak
PHI:I2360	PHI:2719	Bacterial leaf streak
PHI:I2361	PHI:2720	Bacterial leaf streak
PHI:I2362	PHI:2721	Bacterial leaf streak
PHI:I2363	PHI:2722	Bacterial leaf streak
PHI:I2364	PHI:2717	Bacterial leaf streak
PHI:I2365	PHI:2718	Bacterial leaf streak
PHI:I2366	PHI:2719	Bacterial leaf streak
PHI:I2367	PHI:2720	Bacterial leaf streak
PHI:I2368	PHI:2721	Bacterial leaf streak
PHI:I2369	PHI:2722	Bacterial leaf streak
PHI:I2370	PHI:2717	Bacterial leaf streak
PHI:I2371	PHI:2718	Bacterial leaf streak
PHI:I2372	PHI:2719	Bacterial leaf streak
PHI:I2373	PHI:2720	Bacterial leaf streak
PHI:I2374	PHI:2721	Bacterial leaf streak
PHI:I2375	PHI:2722	Bacterial leaf streak
PHI:I2376	PHI:2717	Bacterial leaf streak
PHI:I2377	PHI:2718	Bacterial leaf streak
PHI:I2378	PHI:2719	Bacterial leaf streak
PHI:I2379	PHI:2720	Bacterial leaf streak
PHI:I2380	PHI:2721	Bacterial leaf streak
PHI:I2381	PHI:2722	Bacterial leaf streak
PHI:I2382	PHI:2717	Bacterial leaf streak
PHI:I2383	PHI:2718	Bacterial leaf streak
PHI:I2384	PHI:2719	Bacterial leaf streak
PHI:I2385	PHI:2720	Bacterial leaf streak
PHI:I2386	PHI:2721	Bacterial leaf streak
PHI:I2387	PHI:2722	Bacterial leaf streak
PHI:I2388	PHI:2717	Bacterial leaf streak
PHI:I2389	PHI:2718	Bacterial leaf streak
PHI:I2390	PHI:2719	Bacterial leaf streak
PHI:I2391	PHI:2720	Bacterial leaf streak
PHI:I2392	PHI:2721	Bacterial leaf streak
PHI:I2393	PHI:2722	Bacterial leaf streak
PHI:I2394	PHI:2717	Bacterial leaf streak
PHI:I2395	PHI:2718	Bacterial leaf streak
PHI:I2396	PHI:2719	Bacterial leaf streak
PHI:I2397	PHI:2720	Bacterial leaf streak
PHI:I2398	PHI:2721	Bacterial leaf streak
PHI:I2399	PHI:2722	Bacterial leaf streak
PHI:I2400	PHI:2717	Bacterial leaf streak
PHI:I2401	PHI:2718	Bacterial leaf streak
PHI:I2402	PHI:2719	Bacterial leaf streak
PHI:I2403	PHI:2720	Bacterial leaf streak
PHI:I2404	PHI:2721	Bacterial leaf streak
PHI:I2405	PHI:2722	Bacterial leaf streak
PHI:I2406	PHI:2717	Bacterial leaf streak
PHI:I2407	PHI:2718	Bacterial leaf streak
PHI:I2408	PHI:2719	Bacterial leaf streak
PHI:I2409	PHI:2720	Bacterial leaf streak
PHI:I2410	PHI:2721	Bacterial leaf streak
PHI:I2411	PHI:2722	Bacterial leaf streak
PHI:I2412	PHI:2717	Bacterial leaf streak
PHI:I2413	PHI:2718	Bacterial leaf streak
PHI:I2414	PHI:2719	Bacterial leaf streak
PHI:I2415	PHI:2720	Bacterial leaf streak
PHI:I2416	PHI:2721	Bacterial leaf streak
PHI:I2417	PHI:2722	Bacterial leaf streak
PHI:I2418	PHI:2717	Bacterial leaf streak
PHI:I2419	PHI:2718	Bacterial leaf streak
PHI:I2420	PHI:2719	Bacterial leaf streak
PHI:I2421	PHI:2720	Bacterial leaf streak
PHI:I2422	PHI:2721	Bacterial leaf streak
PHI:I2423	PHI:2722	Bacterial leaf streak
PHI:I2424	PHI:2717	Bacterial leaf streak
PHI:I2425	PHI:2718	Bacterial leaf streak
PHI:I2426	PHI:2719	Bacterial leaf streak
PHI:I2427	PHI:2720	Bacterial leaf streak
PHI:I2428	PHI:2721	Bacterial leaf streak
PHI:I2429	PHI:2722	Bacterial leaf streak
PHI:I2430	PHI:2717	Bacterial leaf streak
PHI:I2431	PHI:2718	Bacterial leaf streak
PHI:I2432	PHI:2719	Bacterial leaf streak
PHI:I2433	PHI:2720	Bacterial leaf streak
PHI:I2434	PHI:2721	Bacterial leaf streak
PHI:I2435	PHI:2722	Bacterial leaf streak
PHI:I2436	PHI:2727	Soybean stem and root rot
PHI:I2437	PHI:2727	Soybean stem and root rot
PHI:I2438	PHI:2728	Fusarium head blight
PHI:I2439	PHI:2728	Fusarium head blight
PHI:I2440	PHI:2729	Bacterial leaf blight
PHI:I2441	PHI:2730	Bacterial leaf blight
PHI:I2442	PHI:2731	Vascular wilt
PHI:I2443	PHI:2732	Pneumonia, Otitis media, Septicaemia, Meningitis
PHI:I2444	PHI:2733	Pneumonia, Otitis media, Septicaemia, Meningitis
PHI:I2445	PHI:2732	Pneumonia, Otitis media, Septicaemia, Meningitis
PHI:I2446	PHI:2733	Pneumonia, Otitis media, Septicaemia, Meningitis
PHI:I2447	PHI:2734	Pneumonia, Otitis media, Septicaemia, Meningitis
PHI:I2448	PHI:2735	Soft rot
PHI:I2449	PHI:2735	Soft rot
PHI:I2450	PHI:2736	Pneumonia, Otitis media, Septicaemia, Meningitis
PHI:I2451	PHI:2737	Leaf blight
PHI:I2452	PHI:2738	Leaf blight
PHI:I2454	PHI:2742	Bacterial specks
PHI:I2455	PHI:2743	Bacterial specks
PHI:I2456	PHI:2742	Bacterial specks
PHI:I2457	PHI:2743	Bacterial specks
PHI:I2458	PHI:2744	Smut disease
PHI:I2459	PHI:2745	Soft rot
PHI:I2460	PHI:2745	Soft rot
PHI:I2461	PHI:2745	Soft rot
PHI:I2462	PHI:2745	Soft rot
PHI:I2463	PHI:2749	no data found
PHI:I2464	PHI:2749	no data found
PHI:I2465	PHI:2751	Food poisoning
PHI:I2466	PHI:2751	Food poisoning
PHI:I2467	PHI:2752	Bacterial speck of tomato
PHI:I2468	PHI:2755	Tumors, galls or knots
PHI:I2469	PHI:2756	Tumors, galls or knots
PHI:I2470	PHI:2757	Tumors, galls or knots
PHI:I2471	PHI:2758	Tumors, galls or knots
PHI:I2472	PHI:2759	Tumors, galls or knots
PHI:I2473	PHI:2760	Tumors, galls or knots
PHI:I2474	PHI:2762	Tumors, galls or knots
PHI:I2475	PHI:2763	Tumors, galls or knots
PHI:I2476	PHI:2764	Tumors, galls or knots
PHI:I2477	PHI:2765	Tumors, galls or knots
PHI:I2478	PHI:2766	Tumors, galls or knots
PHI:I2479	PHI:2767	Tumors, galls or knots
PHI:I2480	PHI:2768	Tumors, galls or knots
PHI:I2481	PHI:2769	Tumors, galls or knots
PHI:I2482	PHI:2770	Tumors, galls or knots
PHI:I2483	PHI:2771	Tumors, galls or knots
PHI:I2484	PHI:2772	Tumors, galls or knots
PHI:I2485	PHI:2773	Tumors, galls or knots
PHI:I2486	PHI:2774	Tumors, galls or knots
PHI:I2487	PHI:2775	Tumors, galls or knots
PHI:I2488	PHI:2776	Tumors, galls or knots
PHI:I2489	PHI:2777	Tumors, galls or knots
PHI:I2490	PHI:2778	Tumors, galls or knots
PHI:I2491	PHI:2779	Tumors, galls or knots
PHI:I2492	PHI:2780	Tumors, galls or knots
PHI:I2493	PHI:2781	Tumors, galls or knots
PHI:I2494	PHI:2782	Tumors, galls or knots
PHI:I2495	PHI:2783	Tumors, galls or knots
PHI:I2496	PHI:2784	Tumors, galls or knots
PHI:I2497	PHI:2785	Tumors, galls or knots
PHI:I2498	PHI:2786	Tumors, galls or knots
PHI:I2499	PHI:2787	Tumors, galls or knots
PHI:I2500	PHI:2788	Tumors, galls or knots
PHI:I2501	PHI:2789	Tumors, galls or knots
PHI:I2502	PHI:2790	Tumors, galls or knots
PHI:I2503	PHI:2791	Tumors, galls or knots
PHI:I2504	PHI:2792	Tumors, galls or knots
PHI:I2505	PHI:2793	Tumors, galls or knots
PHI:I2506	PHI:2794	Tumors, galls or knots
PHI:I2507	PHI:2795	Tumors, galls or knots
PHI:I2508	PHI:2796	Tumors, galls or knots
PHI:I2509	PHI:2797	Tumors, galls or knots
PHI:I2510	PHI:2798	Tumors, galls or knots
PHI:I2511	PHI:2799	Tumors, galls or knots
PHI:I2512	PHI:2800	Tumors, galls or knots
PHI:I2513	PHI:2801	GAS pharyngitis, NF,  STSS
PHI:I2514	PHI:2802	Northern Leaf Blight
PHI:I2515	PHI:2802	Northern Leaf Blight
PHI:I2516	PHI:2805	Pneumonia, Endocarditis, Meningitis, Arthritis
PHI:I2517	PHI:2806	no data found
PHI:I2518	PHI:2806	no data found
PHI:I2519	PHI:2807	no data found
PHI:I2520	PHI:2807	no data found
PHI:I2521	PHI:2808	Vascular wilt
PHI:I2522	PHI:2809	Invasive pulmonary aspergillosis
PHI:I2523	PHI:2810	Pulmonary cryptococcosis (lung infection), basal meningitis, cerebral cryptococcomas
PHI:I2524	PHI:2811	no data found
PHI:I2525	PHI:2812	no data found
PHI:I2526	PHI:2813	no data found
PHI:I2527	PHI:2814	no data found
PHI:I2528	PHI:2815	no data found
PHI:I2529	PHI:2817	Brown Spot
PHI:I2530	PHI:2818	Citrus Black Rot
PHI:I2531	PHI:2818	Citrus Black Rot
PHI:I2532	PHI:2818	Citrus Black Rot
PHI:I2533	PHI:2818	Citrus Black Rot
PHI:I2534	PHI:2818	Citrus Black Rot
PHI:I2535	PHI:2818	Citrus Black Rot
PHI:I2536	PHI:2819	Disseminated candidiasis
PHI:I2537	PHI:2820	Disseminated candidiasis
PHI:I2538	PHI:2821	Disseminated candidiasis
PHI:I2539	PHI:2822	no data found
PHI:I2540	PHI:2823	Disseminated candidiasis
PHI:I2541	PHI:2824	Disseminated candidiasis
PHI:I2542	PHI:2825	Disseminated candidiasis
PHI:I2543	PHI:2826	Vascular wilt
PHI:I2544	PHI:2827	Vascular wilt
PHI:I2546	PHI:2829	Rice Blast
PHI:I2547	PHI:2830	Rice Blast
PHI:I2548	PHI:2833	no data found
PHI:I2549	PHI:2834	Southern Corn Leaf Blight
PHI:I2550	PHI:2836	Southern Corn Leaf Blight
PHI:I2551	PHI:2837	Southern Corn Leaf Blight
PHI:I2552	PHI:2838	Southern Corn Leaf Blight
PHI:I2553	PHI:2839	Southern Corn Leaf Blight
PHI:I2554	PHI:2839	Southern Corn Leaf Blight
PHI:I2555	PHI:2836	Southern Corn Leaf Blight
PHI:I2556	PHI:2839	Southern Corn Leaf Blight
PHI:I2557	PHI:2836	Southern Corn Leaf Blight
PHI:I2558	PHI:2834	Southern Corn Leaf Blight
PHI:I2559	PHI:2836	Southern Corn Leaf Blight
PHI:I2560	PHI:2837	Southern Corn Leaf Blight
PHI:I2561	PHI:2838	Southern Corn Leaf Blight
PHI:I2562	PHI:2839	Southern Corn Leaf Blight
PHI:I2563	PHI:2839	Southern Corn Leaf Blight
PHI:I2564	PHI:2836	Southern Corn Leaf Blight
PHI:I2565	PHI:2839	Southern Corn Leaf Blight
PHI:I2566	PHI:2836	Southern Corn Leaf Blight
PHI:I2567	PHI:2840	no data found
PHI:I2568	PHI:2841	no data found
PHI:I2569	PHI:2843	no data found
PHI:I2570	PHI:2840	no data found
PHI:I2571	PHI:2841	no data found
PHI:I2572	PHI:2844	Black Spot of pear
PHI:I2573	PHI:2847	Grey mould fungus
PHI:I2574	PHI:2848	Grey mould fungus
PHI:I2575	PHI:2849	Storage rots
PHI:I2576	PHI:2849	Storage rots
PHI:I2577	PHI:2849	Storage rots
PHI:I2578	PHI:2849	Storage rots
PHI:I2579	PHI:2850	Rice Blast
PHI:I2580	PHI:2850	Rice Blast
PHI:I2581	PHI:2851	Smut disease
PHI:I2582	PHI:2852	Smut disease
PHI:I2583	PHI:2853	Smut disease
PHI:I2584	PHI:2854	Smut disease
PHI:I2585	PHI:2855	Smut disease
PHI:I2586	PHI:2856	Smut disease
PHI:I2588	PHI:2858	Maize ear rot
PHI:I2589	PHI:2858	Maize ear rot
PHI:I2590	PHI:2859	Disseminated candidiasis
PHI:I2591	PHI:2860	Disseminated candidiasis
PHI:I2592	PHI:2861	Disseminated candidiasis
PHI:I2593	PHI:2862	Disseminated candidiasis
PHI:I2594	PHI:2863	Disseminated candidiasis
PHI:I2595	PHI:2864	Disseminated candidiasis
PHI:I2596	PHI:2865	Disseminated candidiasis
PHI:I2597	PHI:2866	Disseminated candidiasis
PHI:I2617	PHI:2874	Bean brown spot
PHI:I2618	PHI:2875	Bean brown spot
PHI:I2619	PHI:2876	Bean brown spot
PHI:I2620	PHI:2877	Bean brown spot
PHI:I2621	PHI:2878	Bean brown spot
PHI:I2622	PHI:2879	Bacterial speck of tomato
PHI:I2623	PHI:2879	Bacterial speck of tomato
PHI:I2624	PHI:2879	Bacterial speck of tomato
PHI:I2625	PHI:2880	Sepsis
PHI:I2626	PHI:2880	Sepsis
PHI:I2627	PHI:2881	Potato Cyst
PHI:I2628	PHI:2883	Disseminated candidiasis
PHI:I2629	PHI:2884	Disseminated candidiasis
PHI:I2630	PHI:2885	Disseminated candidiasis
PHI:I2631	PHI:2886	Disseminated candidiasis
PHI:I2632	PHI:2887	Disseminated candidiasis
PHI:I2633	PHI:2888	Disseminated candidiasis
PHI:I2634	PHI:2883	Disseminated candidiasis
PHI:I2635	PHI:2885	Disseminated candidiasis
PHI:I2636	PHI:2887	Disseminated candidiasis
PHI:I2637	PHI:2883	Disseminated candidiasis
PHI:I2638	PHI:2884	Disseminated candidiasis
PHI:I2639	PHI:2885	Disseminated candidiasis
PHI:I2640	PHI:2886	Disseminated candidiasis
PHI:I2641	PHI:2887	Disseminated candidiasis
PHI:I2642	PHI:2888	Disseminated candidiasis
PHI:I2643	PHI:2883	Disseminated candidiasis
PHI:I2644	PHI:2885	Disseminated candidiasis
PHI:I2645	PHI:2886	Disseminated candidiasis
PHI:I2646	PHI:2887	Disseminated candidiasis
PHI:I2647	PHI:2888	Disseminated candidiasis
PHI:I2648	PHI:2889	Toxoplasmic encephalitis
PHI:I2649	PHI:2889	Toxoplasmic encephalitis
PHI:I2650	PHI:2890	Soybean stem and root rot agent
PHI:I2651	PHI:2891	Soybean stem and root rot agent
PHI:I2652	PHI:2890	Soybean stem and root rot agent
PHI:I2653	PHI:2891	Soybean stem and root rot agent
PHI:I2654	PHI:2890	Soybean stem and root rot agent
PHI:I2655	PHI:2891	Soybean stem and root rot agent
PHI:I2656	PHI:2890	Soybean stem and root rot agent
PHI:I2657	PHI:2891	Soybean stem and root rot agent
PHI:I2658	PHI:2890	Soybean stem and root rot agent
PHI:I2659	PHI:2891	Soybean stem and root rot agent
PHI:I2660	PHI:2890	Soybean stem and root rot agent
PHI:I2661	PHI:2891	Soybean stem and root rot agent
PHI:I2662	PHI:2892	Crown gall of grapes
PHI:I2663	PHI:2893	Crown gall of grapes
PHI:I2664	PHI:2894	Crown gall of grapes
PHI:I2665	PHI:2895	Crown gall of grapes
PHI:I2666	PHI:2896	Barley powdery mildew
PHI:I2667	PHI:2897	Barley powdery mildew
PHI:I2668	PHI:2898	Barley powdery mildew
PHI:I2669	PHI:2899	Barley powdery mildew
PHI:I2670	PHI:2900	Barley powdery mildew
PHI:I2671	PHI:2901	Barley powdery mildew
PHI:I2672	PHI:2902	Barley powdery mildew
PHI:I2673	PHI:2903	Barley powdery mildew
PHI:I2674	PHI:2904	no data found
PHI:I2675	PHI:2905	no data found
PHI:I2676	PHI:2904	no data found
PHI:I2677	PHI:2904	no data found
PHI:I2678	PHI:2906	Fire blight
PHI:I2679	PHI:2906	Fire blight
PHI:I2680	PHI:2907	Fusarium head blight
PHI:I2681	PHI:2908	Fusarium head blight
PHI:I2682	PHI:2909	Fusarium head blight
PHI:I2683	PHI:2907	Fusarium head blight
PHI:I2684	PHI:2908	Fusarium head blight
PHI:I2685	PHI:2909	Fusarium head blight
PHI:I2686	PHI:2907	Fusarium head blight
PHI:I2687	PHI:2908	Fusarium head blight
PHI:I2688	PHI:2909	Fusarium head blight
PHI:I2689	PHI:2907	Fusarium head blight
PHI:I2690	PHI:2908	Fusarium head blight
PHI:I2691	PHI:2909	Fusarium head blight
PHI:I2692	PHI:2910	no data found
PHI:I2693	PHI:2910	no data found
PHI:I2694	PHI:2910	no data found
PHI:I2695	PHI:2910	no data found
PHI:I2696	PHI:2911	no data found
PHI:I2697	PHI:2912	Brown Spot
PHI:I2698	PHI:2913	Brown Spot
PHI:I2699	PHI:2914	Brown Spot
PHI:I2700	PHI:2916	Maize ear rot
PHI:I2701	PHI:2918	Black rot disease
PHI:I2702	PHI:2919	Stem canker
PHI:I2703	PHI:2920	Maize anthracnose
PHI:I2704	PHI:2920	Maize anthracnose
PHI:I2705	PHI:2922	Bacterial wilt
PHI:I2706	PHI:2923	Brown Spot
PHI:I2707	PHI:2924	Vascular wilt
PHI:I2708	PHI:2925	Vascular wilt
PHI:I2709	PHI:2926	Vascular wilt
PHI:I2710	PHI:2927	Vascular wilt
PHI:I2711	PHI:2929	Vascular wilt
PHI:I2712	PHI:2930	Vascular wilt
PHI:I2713	PHI:2930	Vascular wilt
PHI:I2714	PHI:2931	Fire blight
PHI:I2715	PHI:2932	Brown Spot
PHI:I2716	PHI:2933	Brown Spot
PHI:I2717	PHI:2934	Lettuce midrib rot
PHI:I2718	PHI:2936	Pierceâ€™s disease
PHI:I2719	PHI:2937	Pierceâ€™s disease
PHI:I2720	PHI:2938	Pierceâ€™s disease
PHI:I2721	PHI:2939	Leaf blight
PHI:I2722	PHI:2940	Rice Blast
PHI:I2723	PHI:2941	Soybean stem and root rot agent
PHI:I2724	PHI:2941	Soybean stem and root rot agent
PHI:I2725	PHI:2943	Soybean stem and root rot agent
PHI:I2726	PHI:2943	Soybean stem and root rot agent
PHI:I2727	PHI:2944	Downy mildew
PHI:I2728	PHI:2945	Downy mildew
PHI:I2729	PHI:2946	Downy mildew
PHI:I2730	PHI:2947	Downy mildew
PHI:I2731	PHI:2948	Downy mildew
PHI:I2732	PHI:2949	Wildfire disease
PHI:I2733	PHI:2950	Wildfire disease
PHI:I2734	PHI:2949	Wildfire disease
PHI:I2735	PHI:2950	Wildfire disease
PHI:I2736	PHI:2951	Bacterial wilt
PHI:I2737	PHI:2953	Bacterial wilt
PHI:I2738	PHI:2953	Bacterial wilt
PHI:I2739	PHI:2954	Toxoplasmic encephalitis
PHI:I2740	PHI:2958	Enteric septicemia
PHI:I2741	PHI:2959	Enteric septicemia
PHI:I2742	PHI:2961	Enteric septicemia
PHI:I2743	PHI:2962	Enteric septicemia
PHI:I2744	PHI:2963	Gastrointestinal disease yersiniosis
PHI:I2745	PHI:2964	Leaf blight
PHI:I2746	PHI:2965	Skin infections
PHI:I2746	PHI:2965	Food poisoning
PHI:I2746	PHI:2965	Respiratory diseases
PHI:I2747	PHI:2966	Skin infections
PHI:I2747	PHI:2966	Food poisoning
PHI:I2747	PHI:2966	Respiratory diseases
PHI:I2748	PHI:2967	Skin infections
PHI:I2748	PHI:2967	Food poisoning
PHI:I2748	PHI:2967	Respiratory diseases
PHI:I2749	PHI:2965	Skin infections
PHI:I2749	PHI:2965	Food poisoning
PHI:I2749	PHI:2965	Respiratory diseases
PHI:I2750	PHI:2967	Skin infections
PHI:I2750	PHI:2967	Food poisoning
PHI:I2750	PHI:2967	Respiratory diseases
PHI:I2751	PHI:2965	Infections
PHI:I2752	PHI:2965	Infections
PHI:I2753	PHI:2968	Cryptococcal meningoencephalitis
PHI:I2754	PHI:2969	Invasive pulmonary aspergillosis
PHI:I2755	PHI:2970	Invasive pulmonary aspergillosis
PHI:I2756	PHI:2971	Nosocomial infections
PHI:I2757	PHI:2971	Nosocomial infections
PHI:I2758	PHI:2972	Disseminated candidiasis
PHI:I2759	PHI:2973	no data found
PHI:I2760	PHI:2974	Bacterial speck of tomato
PHI:I2761	PHI:2974	Bacterial speck of tomato
PHI:I2762	PHI:2975	Bacterial speck of tomato
PHI:I2763	PHI:2975	Bacterial speck of tomato
PHI:I2764	PHI:2976	Anthracnose disease
PHI:I2766	PHI:2978	Rice Blast
PHI:I2767	PHI:2978	Rice Blast
PHI:I2770	PHI:2981	Vascular wilt
PHI:I2771	PHI:2982	Gastrointestinal diseases and local and systemic infections
PHI:I2772	PHI:2983	Rice Blast
PHI:I2773	PHI:2986	Rice Blast
PHI:I2774	PHI:2987	Rice Blast
PHI:I2775	PHI:2988	Rice Blast
PHI:I2776	PHI:2989	Rice Blast
PHI:I2777	PHI:2990	Rice Blast
PHI:I2778	PHI:2991	Rice Blast
PHI:I2779	PHI:2992	Rice Blast
PHI:I2780	PHI:2994	Rice Blast
PHI:I2781	PHI:2995	Rice Blast
PHI:I2782	PHI:2996	Rice Blast
PHI:I2783	PHI:2997	Nosocomial infections
PHI:I2784	PHI:2998	Nosocomial infections
PHI:I2785	PHI:2999	Nosocomial infections
PHI:I2786	PHI:3000	Nosocomial infections
PHI:I2787	PHI:3004	Skin infections
PHI:I2787	PHI:3004	Food poisoning
PHI:I2787	PHI:3004	Respiratory diseases
PHI:I2788	PHI:3005	Skin infections
PHI:I2788	PHI:3005	Food poisoning
PHI:I2788	PHI:3005	Respiratory diseases
PHI:I2789	PHI:3006	Pneumonia, Otitis media, Septicaemia, Meningitis
PHI:I2790	PHI:3007	Pneumonia, Otitis media, Septicaemia, Meningitis
PHI:I2791	PHI:3008	Pneumonia, Otitis media, Septicaemia, Meningitis
PHI:I2792	PHI:3009	Pneumonia, Otitis media, Septicaemia, Meningitis
PHI:I2793	PHI:3010	Pneumonia, Otitis media, Septicaemia, Meningitis
PHI:I2794	PHI:3011	Food poisoning
PHI:I2795	PHI:3012	Food poisoning
PHI:I2796	PHI:3012	urinary tract infections, nosocomial pneumonia, intra-abdominal infections
PHI:I2797	PHI:3013	stem rot of soybean
PHI:I2798	PHI:3014	Rice Blast
PHI:I2799	PHI:3015	streptococcal sore throat (strep throat) to necrotizing fasciitis (flesh-eating disease)
PHI:I2800	PHI:3015	streptococcal sore throat (strep throat) to necrotizing fasciitis (flesh-eating disease)
PHI:I2801	PHI:3017	no data found
PHI:I2802	PHI:3018	no data found
PHI:I2803	PHI:3019	Rice Blast
PHI:I2804	PHI:3020	disseminated candidiasis
PHI:I2805	PHI:3021	disseminated candidiasis
PHI:I2806	PHI:3022	disseminated candidiasis
PHI:I2807	PHI:3023	disseminated candidiasis
PHI:I2808	PHI:3024	no data found
PHI:I2809	PHI:3025	white root rot
PHI:I2810	PHI:3026	septicemia
PHI:I2811	PHI:3027	wilt and canker disease of tomato
PHI:I2812	PHI:3028	wilt and canker disease of tomato
PHI:I2813	PHI:3029	no data found
PHI:I2814	PHI:3029	no data found
PHI:I2815	PHI:3029	no data found
PHI:I2816	PHI:3032	Sinusitis in turkeys, and air sacculitis/ tracheitis in chickens
PHI:I2817	PHI:3033	Sinusitis in turkeys, and air sacculitis/ tracheitis in chickens
PHI:I2818	PHI:3034	Sinusitis in turkeys, and air sacculitis/ tracheitis in chickens
PHI:I2819	PHI:3035	Fusarium head blight
PHI:I2820	PHI:3037	Fusarium head blight
PHI:I2821	PHI:3039	Rice Blast
PHI:I2822	PHI:3039	Rice Blast
PHI:I2823	PHI:3040	food poisoning
PHI:I2824	PHI:3041	septicemia
PHI:I2825	PHI:3042	septicemia
PHI:I2826	PHI:3041	septicemia
PHI:I2827	PHI:3043	gastrointestinal disease yersiniosis
PHI:I2828	PHI:3044	invasive pulmonary aspergillosis
PHI:I2829	PHI:3044	invasive pulmonary aspergillosis
PHI:I2830	PHI:3045	invasive pulmonary aspergillosis
PHI:I2831	PHI:3046	invasive pulmonary aspergillosis
PHI:I2832	PHI:3047	invasive pulmonary aspergillosis
PHI:I2833	PHI:3048	invasive pulmonary aspergillosis
PHI:I2834	PHI:3049	invasive pulmonary aspergillosis
PHI:I2835	PHI:3044	invasive pulmonary aspergillosis
PHI:I2836	PHI:3050	invasive pulmonary aspergillosis
PHI:I2837	PHI:3044	invasive pulmonary aspergillosis
PHI:I2838	PHI:3044	invasive pulmonary aspergillosis
PHI:I2839	PHI:3045	invasive pulmonary aspergillosis
PHI:I2840	PHI:3046	invasive pulmonary aspergillosis
PHI:I2841	PHI:3047	invasive pulmonary aspergillosis
PHI:I2842	PHI:3048	invasive pulmonary aspergillosis
PHI:I2843	PHI:3049	invasive pulmonary aspergillosis
PHI:I2844	PHI:3044	invasive pulmonary aspergillosis
PHI:I2845	PHI:3050	invasive pulmonary aspergillosis
PHI:I2846	PHI:3051	Travelerâ€™s diarrhea, foodborne outbreaks and sporadic diarrhea.
PHI:I2847	PHI:3052	maize ear rot
PHI:I2848	PHI:3053	maize ear rot
PHI:I2849	PHI:3054	maize ear rot
PHI:I2850	PHI:3055	fatal septicemia
PHI:I2851	PHI:3056	fatal septicemia
PHI:I2852	PHI:3057	fatal septicemia
PHI:I2853	PHI:3057	fatal septicemia
PHI:I2854	PHI:3058	pneumonia, toxic shock syndrome, bacteremia, endocarditis
PHI:I2856	PHI:3060	Rice Blast
PHI:I2857	PHI:3061	Rice Blast
PHI:I2858	PHI:3062	Rice Blast
PHI:I2859	PHI:3063	Rice Blast
PHI:I2860	PHI:3064	Rice Blast
PHI:I2861	PHI:3065	Rice Blast
PHI:I2862	PHI:3066	Rice Blast
PHI:I2863	PHI:3067	Rice Blast
PHI:I2864	PHI:3060	Rice Blast
PHI:I2865	PHI:3061	Rice Blast
PHI:I2866	PHI:3062	Rice Blast
PHI:I2867	PHI:3063	Rice Blast
PHI:I2868	PHI:3064	Rice Blast
PHI:I2869	PHI:3065	Rice Blast
PHI:I2870	PHI:3066	Rice Blast
PHI:I2871	PHI:3067	Rice Blast
PHI:I2872	PHI:3066	Pine Wilt Disease
PHI:I2874	PHI:3068	white muscardine disease
PHI:I2875	PHI:3069	no data found
PHI:I2877	PHI:3071	stem rot of soybean
PHI:I2878	PHI:3072	bacterial leaf blight
PHI:I2879	PHI:3073	nosocomial infections
PHI:I2880	PHI:3073	nosocomial infections
PHI:I2881	PHI:3074	hemorrhagic  septicemia
PHI:I2882	PHI:3075	green mould
PHI:I2883	PHI:3076	mycosis
PHI:I2884	PHI:3076	mycosis
PHI:I2886	PHI:assign	Bacterial speck
PHI:I2887	PHI:assign	Bacterial speck
PHI:I2888	PHI:assign	Bacterial speck
PHI:I2889	PHI:assign	Bacterial speck
PHI:I2890	PHI:assign	Bacterial speck
PHI:I2891	PHI:assign	Bacterial speck
PHI:I2892	PHI:assign	Bacterial speck
PHI:I2893	PHI:assign	Bacterial speck
PHI:I2894	PHI:assign	Bacterial speck
PHI:I2895	PHI:assign	Bacterial speck
PHI:I2896	PHI:assign	Bacterial speck
PHI:I2897	PHI:assign	Bacterial speck
PHI:I2898	PHI:assign	Bacterial speck
PHI:I2899	PHI:assign	Bacterial speck
PHI:I2900	PHI:assign	Bacterial speck
PHI:I2901	PHI:assign	Bacterial speck
PHI:I2902	PHI:assign	Bacterial speck
PHI:I2903	PHI:assign	Bacterial speck
PHI:I2904	PHI:assign	Bacterial speck
PHI:I2905	PHI:assign	Bacterial speck
PHI:I2906	PHI:assign	Bacterial speck
PHI:I2907	PHI:assign	Bacterial speck
PHI:I2908	PHI:assign	Bacterial speck
PHI:I2909	PHI:assign	Bacterial speck
PHI:I2910	PHI:assign	Bacterial speck
PHI:I2911	PHI:assign	Bacterial speck
PHI:I2912	PHI:assign	Bacterial speck
PHI:I2913	PHI:assign	Bacterial speck
PHI:I2914	PHI:assign	Bacterial speck
PHI:I2915	PHI:assign	Bacterial speck
PHI:I2916	PHI:assign	Bacterial speck
PHI:I2917	PHI:assign	Bacterial speck
PHI:I2918	PHI:assign	Bacterial speck
PHI:I2919	PHI:assign	Bacterial speck
PHI:I2920	PHI:assign	Bacterial speck
PHI:I2921	PHI:assign	Bacterial speck
PHI:I2922	PHI:assign	Bacterial speck
PHI:I2923	PHI:assign	Bacterial speck
PHI:I2924	PHI:3078	septicemia
PHI:I2925	PHI:3084	nosocomial infections
PHI:I2927	PHI:3086	immunosuppression, septicemia and the subsequent death
PHI:I2928	PHI:3087	Fusarium head blight
PHI:I2929	PHI:3088	Fusarium head blight
PHI:I2930	PHI:3089	Fusarium head blight
PHI:I2931	PHI:3087	Fusarium head blight
PHI:I2932	PHI:3088	Fusarium head blight
PHI:I2933	PHI:3089	Fusarium head blight
PHI:I2934	PHI:3090	American Foulbrood
PHI:I2935	PHI:3091	Stewartâ€™s wilt
PHI:I2936	PHI:3092	Stewartâ€™s wilt
PHI:I2937	PHI:3093	septicemia
PHI:I2938	PHI:3095	white muscardine disease
PHI:I2939	PHI:3096	white muscardine disease
PHI:I2940	PHI:3097	white muscardine disease
PHI:I2941	PHI:3098	cryptococcal meningoencephalitis
PHI:I2942	PHI:3099	infections
PHI:I2944	PHI:3102	toxoplasmic encephalitis
PHI:I2945	PHI:3103	Rice Blast
PHI:I2946	PHI:3104	Rice Blast
PHI:I2948	PHI:3106	avian colibacillosis
PHI:I2949	PHI:3107	black rot disease
PHI:I2950	PHI:3108	black rot disease
PHI:I2951	PHI:3109	Fusarium head blight
PHI:I2952	PHI:3110	Fusarium head blight
PHI:I2953	PHI:3111	Fusarium head blight
PHI:I2954	PHI:3112	black rot disease
PHI:I2955	PHI:3113	neonatal meningitis
PHI:I2956	PHI:3114	gastric infections
PHI:I2957	PHI:3115	bacterial speck of tomato
PHI:I2958	PHI:3116	bacterial speck of tomato
PHI:I2959	PHI:3117	bacterial speck of tomato
PHI:I2960	PHI:3118	bacterial speck of tomato
PHI:I2961	PHI:3119	bacterial speck of tomato
PHI:I2962	PHI:3120	bacterial speck of tomato
PHI:I2963	PHI:3121	bacterial speck of tomato
PHI:I2964	PHI:3115	bacterial speck of tomato
PHI:I2965	PHI:3116	bacterial speck of tomato
PHI:I2966	PHI:3117	bacterial speck of tomato
PHI:I2967	PHI:3118	bacterial speck of tomato
PHI:I2968	PHI:3119	bacterial speck of tomato
PHI:I2969	PHI:3120	bacterial speck of tomato
PHI:I2970	PHI:3121	bacterial speck of tomato
PHI:I2971	PHI:3122	Rice Blast
PHI:I2972	PHI:3122	Rice Blast
PHI:I2973	PHI:3123	anthracnose of Cucurbitaceae
PHI:I2974	PHI:3124	wheat Stagonospora nodorum blotch
PHI:I2975	PHI:3125	enteric diseases
PHI:I2976	PHI:3126	Fire blight
PHI:I2977	PHI:3126	Fire blight
PHI:I2978	PHI:3127	witchesâ€™ broom disease
PHI:I2979	PHI:3127	witchesâ€™ broom disease
PHI:I2980	PHI:3127	witchesâ€™ broom disease
PHI:I2981	PHI:3129	bacterial leaf spot disease
PHI:I2982	PHI:3130	smut disease
PHI:I2983	PHI:3130	smut disease
PHI:I2984	PHI:3131	Fusarium head blight
PHI:I2985	PHI:3132	Rice Blast
PHI:I2986	PHI:3131	Fusarium head blight
PHI:I2987	PHI:3132	gut-associated diseases, such as diarrhoea, enteritis and colitis
PHI:I2988	PHI:3133	gut-associated diseases, such as diarrhoea, enteritis and colitis
PHI:I2989	PHI:3134	gut-associated diseases, such as diarrhoea, enteritis and colitis
PHI:I2990	PHI:3135	gut-associated diseases, such as diarrhoea, enteritis and colitis
PHI:I2991	PHI:3136	soybean stem and root rot
PHI:I2992	PHI:3137	Infections
PHI:I2993	PHI:3138	Fusarium head blight
PHI:I2994	PHI:3139	American Foulbrood
PHI:I2995	PHI:3140	streptococcal toxic shock syndrome
PHI:I2996	PHI:3141	gastric infections
PHI:I2997	PHI:3142	gastric infections
PHI:I2998	PHI:3143	gastric infections
PHI:I2999	PHI:3144	gastric infections
PHI:I3000	PHI:3145	gastric infections
PHI:I3001	PHI:3146	gastric infections
PHI:I3002	PHI:3147	Glasserâ€™s disease
PHI:I3016	PHI:3161	Rice Blast
PHI:I3017	PHI:3162	Rice Blast
PHI:I3018	PHI:3163	Rice Blast
PHI:I3019	PHI:3164	Suppresses soilborne plant diseases caused by a number of fungi
PHI:I3020	PHI:3164	Suppresses soilborne plant diseases caused by a number of fungi
PHI:I3021	PHI:3165	Necrotic leaf spots in celery, eggplant, and sweet pepper, wilt and stem rot on muskmelon, stem necrosis inChrysanthemum, and leaf spot in soybean.
PHI:I3022	PHI:3165	Necrotic leaf spots in celery, eggplant, and sweet pepper, wilt and stem rot on muskmelon, stem necrosis inChrysanthemum, and leaf spot in soybean.
PHI:I3023	PHI:3165	Necrotic leaf spots in celery, eggplant, and sweet pepper, wilt and stem rot on muskmelon, stem necrosis inChrysanthemum, and leaf spot in soybean.
PHI:I3024	PHI:3165	Necrotic leaf spots in celery, eggplant, and sweet pepper, wilt and stem rot on muskmelon, stem necrosis inChrysanthemum, and leaf spot in soybean.
PHI:I3025	PHI:3165	Necrotic leaf spots in celery, eggplant, and sweet pepper, wilt and stem rot on muskmelon, stem necrosis inChrysanthemum, and leaf spot in soybean.
PHI:I3026	PHI:3165	Necrotic leaf spots in celery, eggplant, and sweet pepper, wilt and stem rot on muskmelon, stem necrosis inChrysanthemum, and leaf spot in soybean.
PHI:I3027	PHI:3165	Necrotic leaf spots in celery, eggplant, and sweet pepper, wilt and stem rot on muskmelon, stem necrosis inChrysanthemum, and leaf spot in soybean.
PHI:I3028	PHI:3166	nosocomial infections
PHI:I3029	PHI:3166	nosocomial infections
